作者,作品,类型,风格,进度,字数,作品积分,发表时间,作品url
竹已,偷偷藏不住,原创-言情-近代现代-爱情,轻松,完结,372127,15181538304,2018-07-24 23:08:19,http://www.jjwxc.net/onebook.php?novelid=3676002
竹已,难哄,原创-言情-近代现代-爱情,轻松,完结,389894,14333473792,2019-01-21 00:29:54,http://www.jjwxc.net/onebook.php?novelid=4001734
栖见,白日梦我,原创-言情-近代现代-爱情,正剧,完结,427269,8440096768,2018-03-16 13:21:32,http://www.jjwxc.net/onebook.php?novelid=3525826
春刀寒,老婆粉了解一下[娱乐圈],原创-言情-近代现代-爱情,轻松,完结,569992,9806172160,2018-12-10 20:54:15,http://www.jjwxc.net/onebook.php?novelid=3953941
唧唧的猫,她的小梨涡,原创-言情-近代现代-爱情,轻松,完结,257143,8052320256,2017-01-28 13:50:25,http://www.jjwxc.net/onebook.php?novelid=3070243
曲小蛐,吻痣,原创-言情-近代现代-爱情,轻松,完结,425246,6222982656,2018-07-02 14:00:09,http://www.jjwxc.net/onebook.php?novelid=3640502
春刀寒,满级绿茶穿成小可怜,原创-言情-架空历史-爱情,轻松,完结,425527,8987290624,2019-10-29 20:07:00,http://www.jjwxc.net/onebook.php?novelid=4403740
priest,有匪,原创-言情-架空历史-武侠,正剧,完结,698356,6369408000,2015-10-26 22:20:28,http://www.jjwxc.net/onebook.php?novelid=2595385
曲小蛐,他最野了,原创-言情-近代现代-爱情,正剧,完结,485236,5260889600,2018-05-26 00:49:34,http://www.jjwxc.net/onebook.php?novelid=3597941
红刺北,砸锅卖铁去上学,原创-言情-幻想未来-爱情,轻松,完结,1134757,10651708416,2020-04-10 19:29:11,http://www.jjwxc.net/onebook.php?novelid=4737103
耳东兔子,暗格里的秘密,原创-言情-近代现代-爱情,正剧,完结,329191,5943374336,2016-02-28 23:39:05,http://www.jjwxc.net/onebook.php?novelid=2697774
唧唧的猫,等风热吻你,原创-言情-近代现代-爱情,轻松,完结,181853,5030953472,2017-04-27 13:23:28,http://www.jjwxc.net/onebook.php?novelid=3173198
翘摇,错撩,原创-言情-近代现代-爱情,轻松,完结,308961,5880894976,2019-10-26 02:33:23,http://www.jjwxc.net/onebook.php?novelid=4399698
扶华,女主都和男二HE,原创-言情-架空历史-奇幻,正剧,完结,678489,4750351872,2018-10-10 15:39:20,http://www.jjwxc.net/onebook.php?novelid=3892755
图样先森,顶流夫妇有点甜,原创-言情-近代现代-爱情,轻松,完结,477763,6668606976,2020-06-16 15:59:57,http://www.jjwxc.net/onebook.php?novelid=4912351
青花燃,穿成短命白月光后，和反派HE了,原创-言情-架空历史-奇幻,轻松,完结,646746,5010881024,2019-07-18 11:24:53,http://www.jjwxc.net/onebook.php?novelid=4264815
纪婴,不断作死后我成了白月光,原创-言情-架空历史-仙侠,轻松,完结,780000,6191988224,2020-03-25 15:37:09,http://www.jjwxc.net/onebook.php?novelid=4682400
栖见,可爱多少钱一斤,原创-言情-近代现代-爱情,正剧,完结,336134,3369366016,2013-04-04 10:55:04,http://www.jjwxc.net/onebook.php?novelid=1768376
墨书白,长风渡,原创-言情-架空历史-爱情,正剧,完结,978111,4324096512,2017-11-28 17:34:14,http://www.jjwxc.net/onebook.php?novelid=3415053
春刀寒,娱乐圈是我的[重生],原创-言情-近代现代-爱情,轻松,完结,628822,6188613632,2019-05-30 18:31:59,http://www.jjwxc.net/onebook.php?novelid=4177857
月下蝶影,我就是这般女子,原创-言情-架空历史-爱情,轻松,完结,685380,7053454336,2016-11-04 15:45:32,http://www.jjwxc.net/onebook.php?novelid=2973352
长洱,天才基本法,原创-言情-近代现代-爱情,正剧,完结,760909,4844944896,2017-05-18 15:46:28,http://www.jjwxc.net/onebook.php?novelid=3193259
竹已,奶油味暗恋,原创-言情-近代现代-爱情,轻松,完结,313115,4474045440,2017-08-13 01:35:35,http://www.jjwxc.net/onebook.php?novelid=3311357
耳东兔子,他从火光中走来,原创-言情-近代现代-爱情,正剧,完结,335567,4529382912,2016-08-24 14:16:15,http://www.jjwxc.net/onebook.php?novelid=2905411
青浼,你微笑时很美,原创-言情-近代现代-爱情,正剧,完结,749687,7692532224,2016-08-28 23:08:17,http://www.jjwxc.net/onebook.php?novelid=2911685
渊爻,职业替身，时薪十万,原创-言情-近代现代-爱情,轻松,完结,383621,4288179968,2020-08-31 12:39:41,http://www.jjwxc.net/onebook.php?novelid=5142355
关心则乱,知否？知否？应是绿肥红瘦,原创-言情-架空历史-传奇,未知,完结,1375034,4324805120,2010-10-17 16:11:51,http://www.jjwxc.net/onebook.php?novelid=931329
priest,无污染、无公害,原创-言情-近代现代-爱情,轻松,完结,471753,6230863360,2018-02-16 17:21:31,http://www.jjwxc.net/onebook.php?novelid=3495730
耳东兔子,深情眼,原创-言情-近代现代-爱情,轻松,完结,373701,5497861120,2019-01-03 12:15:38,http://www.jjwxc.net/onebook.php?novelid=3980031
银发死鱼眼,尖叫女王,衍生-言情-近代现代-其他衍生,爆笑,完结,2481412,6795569152,2018-10-01 17:30:29,http://www.jjwxc.net/onebook.php?novelid=3882321
耳东兔子,第二十八年春,原创-言情-近代现代-爱情,正剧,完结,408625,5086012928,2016-11-24 10:39:21,http://www.jjwxc.net/onebook.php?novelid=3002507
月下蝶影,勿扰飞升,原创-言情-架空历史-仙侠,轻松,完结,658587,6772004864,2017-12-19 20:48:03,http://www.jjwxc.net/onebook.php?novelid=3433838
银发死鱼眼,从此男主改拿绿茶剧本,衍生-言情-架空历史-东方衍生,爆笑,完结,1430605,4122641152,2020-04-24 21:24:57,http://www.jjwxc.net/onebook.php?novelid=4778835
耳东兔子,三分野,原创-言情-近代现代-爱情,轻松,完结,427647,5880450048,2018-05-11 14:21:23,http://www.jjwxc.net/onebook.php?novelid=3583628
缘何故,反转人生[互穿],原创-言情-近代现代-爱情,轻松,完结,478147,5304758272,2018-01-01 17:35:13,http://www.jjwxc.net/onebook.php?novelid=3445323
蓬莱客,表妹万福,原创-言情-架空历史-爱情,正剧,完结,510707,4351367168,2017-09-12 08:52:06,http://www.jjwxc.net/onebook.php?novelid=3346178
笑佳人,国色生香,原创-言情-架空历史-爱情,轻松,完结,821761,4844642304,2016-04-10 11:30:34,http://www.jjwxc.net/onebook.php?novelid=2734828
西淅,豪门父母和顶流哥哥终于找到了我,原创-言情-近代现代-爱情,轻松,完结,540994,3809394432,2020-02-16 02:13:17,http://www.jjwxc.net/onebook.php?novelid=4560624
时镜,坤宁,原创-言情-架空历史-爱情,正剧,完结,1042010,5570141184,2016-10-28 17:45:48,http://www.jjwxc.net/onebook.php?novelid=2967663
退戈,凶案现场直播,原创-言情-幻想未来-悬疑,正剧,完结,569681,5169276416,2020-03-18 20:41:50,http://www.jjwxc.net/onebook.php?novelid=4658774
姜之鱼,青梅七分甜,原创-言情-近代现代-爱情,轻松,完结,289000,2584797440,2016-06-29 21:18:45,http://www.jjwxc.net/onebook.php?novelid=2826774
月下蝶影,皇城有宝珠,原创-言情-架空历史-爱情,轻松,完结,507845,4343651840,2021-01-11 17:22:09,http://www.jjwxc.net/onebook.php?novelid=5412000
时镜,我不成仙,原创-言情-古色古香-仙侠,正剧,完结,3216522,6141388288,2012-10-05 03:09:13,http://www.jjwxc.net/onebook.php?novelid=1640353
黍宁,穿成白月光替身后,原创-言情-架空历史-爱情,正剧,完结,1297415,6567065088,2019-04-17 13:25:24,http://www.jjwxc.net/onebook.php?novelid=4122694
陌言川,对你不止是喜欢,原创-言情-近代现代-爱情,正剧,完结,429158,4082852608,2016-08-13 16:06:59,http://www.jjwxc.net/onebook.php?novelid=2888375
凝陇,攻玉,原创-言情-架空历史-奇幻,正剧,完结,1163777,6441909248,2017-04-21 15:15:04,http://www.jjwxc.net/onebook.php?novelid=3167385
退戈,第一战场指挥官！,原创-言情-幻想未来-剧情,轻松,完结,1266297,5563566592,2017-08-10 16:30:34,http://www.jjwxc.net/onebook.php?novelid=2892217
月下蝶影,造作时光,原创-言情-架空历史-爱情,轻松,完结,613289,4729314816,2019-02-26 11:56:14,http://www.jjwxc.net/onebook.php?novelid=4053431
怀愫,重回九零,原创-言情-近代现代-剧情,轻松,完结,1086428,8067423232,2020-06-06 16:40:29,http://www.jjwxc.net/onebook.php?novelid=4889825
叶斐然,你也有今天,原创-言情-近代现代-爱情,轻松,完结,542691,4837933568,2018-05-09 14:59:23,http://www.jjwxc.net/onebook.php?novelid=3581942
素光同,天才女友,原创-言情-近代现代-爱情,轻松,完结,929343,7687423488,2019-11-27 13:34:31,http://www.jjwxc.net/onebook.php?novelid=4435966
糖中猫,所有人都知道我是好男人[快穿],原创-言情-近代现代-爱情,轻松,完结,3737127,6360682496,2019-09-24 17:42:56,http://www.jjwxc.net/onebook.php?novelid=4364236
栖见,以后少来我家玩,原创-言情-近代现代-爱情,轻松,完结,230529,1749706880,2012-08-01 14:23:54,http://www.jjwxc.net/onebook.php?novelid=1590059
江月年年,科学占星，唯物算命,原创-言情-近代现代-剧情,轻松,完结,568893,2924447232,2021-01-29 19:49:48,http://www.jjwxc.net/onebook.php?novelid=5463793
轻黯,办公室隐婚,原创-言情-近代现代-爱情,正剧,完结,622457,1998733824,2015-09-19 16:00:10,http://www.jjwxc.net/onebook.php?novelid=2568822
假面的盛宴,王府宠妾,原创-言情-架空历史-爱情,正剧,完结,924082,3980286208,2017-03-18 23:04:57,http://www.jjwxc.net/onebook.php?novelid=3132729
月下蝶影,人不可貌相,原创-言情-近代现代-爱情,轻松,完结,386311,4670775296,2017-02-26 21:45:47,http://www.jjwxc.net/onebook.php?novelid=3109031
暮沉霜,修真界禁止物种歧视,原创-言情-架空历史-仙侠,轻松,完结,862617,3909360384,2020-08-26 15:30:27,http://www.jjwxc.net/onebook.php?novelid=5128614
栖见,一见到你呀,原创-言情-近代现代-爱情,正剧,完结,251449,1681719680,2013-02-25 16:25:38,http://www.jjwxc.net/onebook.php?novelid=1741205
秋水麋鹿,同时攻略三个神明,原创-言情-架空历史-奇幻,轻松,完结,647662,3213087232,2020-07-07 11:44:07,http://www.jjwxc.net/onebook.php?novelid=4960220
女王不在家,福宝的七十年代,原创-言情-近代现代-爱情,正剧,完结,908118,3051112448,2016-06-10 20:54:53,http://www.jjwxc.net/onebook.php?novelid=2799243
轻云淡,无限生存游戏,衍生-言情-近代现代-其他衍生,轻松,完结,445300,2778052352,2018-04-10 18:26:46,http://www.jjwxc.net/onebook.php?novelid=3553681
叶斐然,你被开除了！,原创-言情-近代现代-爱情,轻松,完结,546783,5747528192,2019-05-06 22:35:22,http://www.jjwxc.net/onebook.php?novelid=4148415
耳东兔子,我曾在时光里听过你,原创-言情-近代现代-爱情,正剧,完结,356755,2474341632,2015-08-23 21:37:42,http://www.jjwxc.net/onebook.php?novelid=2549071
尾鱼,怨气撞铃,原创-言情-近代现代-惊悚,正剧,完结,797922,1433734272,2011-11-04 12:56:31,http://www.jjwxc.net/onebook.php?novelid=1361427
南岛樱桃,快穿之教你做人,原创-言情-近代现代-爱情,轻松,完结,1733164,3300286208,2016-03-17 15:54:38,http://www.jjwxc.net/onebook.php?novelid=2713183
南岛樱桃,我有一个祸水群,原创-言情-架空历史-剧情,轻松,完结,1202496,3248970240,2014-06-19 05:19:42,http://www.jjwxc.net/onebook.php?novelid=2147687
雾矢翊,与天同兽,原创-言情-架空历史-爱情,轻松,完结,2784525,3148561664,2016-02-13 12:03:00,http://www.jjwxc.net/onebook.php?novelid=2680387
红九,水与火（原名服不服）,原创-言情-近代现代-爱情,轻松,完结,860208,5794157056,2017-10-25 15:01:39,http://www.jjwxc.net/onebook.php?novelid=3385386
明开夜合,北城有雪,原创-言情-近代现代-爱情,正剧,完结,332631,2171855104,2021-01-18 02:25:18,http://www.jjwxc.net/onebook.php?novelid=5429502
九重雪,我有九个仙风道骨的师兄,原创-言情-架空历史-仙侠,轻松,完结,824163,2287403264,2015-10-16 08:09:32,http://www.jjwxc.net/onebook.php?novelid=2586232
轻云淡,无限破产危机,衍生-言情-近代现代-西方衍生,轻松,完结,208620,2011206400,2019-07-08 08:30:44,http://www.jjwxc.net/onebook.php?novelid=4244418
风流书呆,忽如一夜病娇来,原创-言情-架空历史-爱情,轻松,完结,467768,2273548800,2014-10-15 00:49:19,http://www.jjwxc.net/onebook.php?novelid=2261898
维和粽子,一朵花开百花杀,原创-言情-架空历史-爱情,轻松,完结,668169,1763415808,2014-10-18 04:34:31,http://www.jjwxc.net/onebook.php?novelid=2267777
月下蝶影,妃嫔这职业,原创-言情-架空历史-爱情,正剧,完结,360775,2521456128,2012-04-12 00:03:51,http://www.jjwxc.net/onebook.php?novelid=1490595
叶斐然,劝你趁早喜欢我,原创-言情-近代现代-爱情,轻松,完结,495798,5686509056,2019-09-06 09:32:36,http://www.jjwxc.net/onebook.php?novelid=4342817
退戈,第一战场分析师！,原创-言情-幻想未来-剧情,轻松,连载,278505,2623257856,2020-10-05 00:51:17,http://www.jjwxc.net/onebook.php?novelid=5214228
君子以泽,她的4.3亿年,原创-言情-近代现代-爱情,轻松,完结,879880,10273063936,2018-07-03 17:07:11,http://www.jjwxc.net/onebook.php?novelid=3642255
顾漫,微微一笑很倾城,原创-言情-近代现代-爱情,轻松,连载,172608,784524928,2008-08-30 23:06:35,http://www.jjwxc.net/onebook.php?novelid=370832
轻云淡,末日领主,原创-言情-幻想未来-轻小说,轻松,完结,359110,2731836672,2019-10-05 08:59:44,http://www.jjwxc.net/onebook.php?novelid=4375938
曲奇碎可可,听说我超凶的[综恐],衍生-言情-近代现代-其他衍生,正剧,完结,557565,1965388416,2018-03-21 18:11:11,http://www.jjwxc.net/onebook.php?novelid=3531934
轻云淡,无限求生,原创-言情-近代现代-轻小说,轻松,完结,354150,2196641024,2018-07-08 18:32:37,http://www.jjwxc.net/onebook.php?novelid=3649689
大团团,[清]再不努力就要被迫继承皇位了,衍生-言情-架空历史-东方衍生,轻松,完结,1403257,1996428544,2019-08-13 10:44:31,http://www.jjwxc.net/onebook.php?novelid=4306711
轻云淡,异界领主生活,原创-言情-幻想未来-轻小说,轻松,完结,351360,1864786944,2019-01-12 08:04:10,http://www.jjwxc.net/onebook.php?novelid=3990370
祈祷君,木兰无长兄,原创-言情-古色古香-爱情,轻松,完结,3206317,1517845760,2014-08-30 16:57:12,http://www.jjwxc.net/onebook.php?novelid=2214297
笑佳人,嫁金钗,原创-言情-架空历史-爱情,轻松,完结,560750,1967088256,2020-10-13 14:55:00,http://www.jjwxc.net/onebook.php?novelid=5232687
时镜,我本闲凉,原创-言情-架空历史-爱情,轻松,完结,880672,2124538880,2014-04-17 18:59:29,http://www.jjwxc.net/onebook.php?novelid=2102446
锦橙,男扮女装的绿茶想攻略我,原创-言情-近代现代-爱情,轻松,完结,422146,1662373632,2015-01-02 17:41:56,http://www.jjwxc.net/onebook.php?novelid=2332388
轻云淡,无限建城,原创-言情-幻想未来-轻小说,轻松,完结,319800,1957127168,2019-03-06 19:29:05,http://www.jjwxc.net/onebook.php?novelid=4065461
栖见,每日一表白,原创-言情-近代现代-爱情,轻松,完结,176774,1140000768,2012-10-03 16:32:56,http://www.jjwxc.net/onebook.php?novelid=1639058
七宝酥,庸俗童话,原创-言情-近代现代-爱情,正剧,完结,303471,2746118144,2013-12-08 14:22:56,http://www.jjwxc.net/onebook.php?novelid=1971090
女王不在家,半路杀出个侯夫人,原创-言情-架空历史-爱情,轻松,完结,706581,2414176512,2015-06-20 22:10:45,http://www.jjwxc.net/onebook.php?novelid=2482792
白灵子,攻略诅咒之王后我死遁了,衍生-言情-近代现代-东方衍生,正剧,连载,285464,1504461824,2020-12-27 02:08:42,http://www.jjwxc.net/onebook.php?novelid=5376362
墨宝非宝,至此终年,原创-言情-近代现代-爱情,轻松,完结,227914,796587072,2011-10-26 00:26:06,http://www.jjwxc.net/onebook.php?novelid=1353170
未西归,表演科今天也想与侦探同归于尽,衍生-言情-近代现代-东方衍生,爆笑,连载,775333,1478038016,2020-11-17 09:25:36,http://www.jjwxc.net/onebook.php?novelid=5297620
寒菽,袖中美人,原创-言情-架空历史-爱情,轻松,完结,484938,1758574592,2015-02-06 19:26:48,http://www.jjwxc.net/onebook.php?novelid=2380386
笑佳人,锦衣香闺,原创-言情-架空历史-爱情,轻松,完结,409629,2063814016,2015-08-05 16:12:56,http://www.jjwxc.net/onebook.php?novelid=2528996
安碧莲,召唤玩家搞基建,原创-言情-架空历史-轻小说,轻松,完结,2000434,2433089792,2020-01-02 23:47:50,http://www.jjwxc.net/onebook.php?novelid=4479653
月下蝶影,如珠似玉,原创-言情-架空历史-爱情,轻松,完结,492386,2154841344,2015-11-26 13:59:52,http://www.jjwxc.net/onebook.php?novelid=2614609
兰桂,头号炮灰[快穿],衍生-言情-架空历史-其他衍生,轻松,完结,3821501,1644787328,2015-08-29 08:48:50,http://www.jjwxc.net/onebook.php?novelid=2554000
Fresh果果,花千骨,原创-言情-古色古香-仙侠,正剧,完结,658660,567613696,2008-05-01 04:54:31,http://www.jjwxc.net/onebook.php?novelid=316358
墨宝非宝,很想很想你,原创-言情-近代现代-爱情,轻松,完结,143248,786758528,2013-01-03 23:13:54,http://www.jjwxc.net/onebook.php?novelid=1696278
priest,大英雄时代,原创-言情-幻想未来-爱情,正剧,完结,380610,3369385728,2013-10-22 21:01:57,http://www.jjwxc.net/onebook.php?novelid=1944945
吃书虫子,修真-师姐的剑,原创-言情-架空历史-爱情,正剧,连载,2443797,1241899520,2014-01-03 12:31:57,http://www.jjwxc.net/onebook.php?novelid=1984419
北倾,何处暖阳不倾城,原创-言情-近代现代-爱情,轻松,完结,423633,1315412224,2014-03-29 12:12:53,http://www.jjwxc.net/onebook.php?novelid=2089609
priest,脱轨,原创-言情-近代现代-爱情,正剧,完结,274102,3269426432,2014-10-06 22:36:20,http://www.jjwxc.net/onebook.php?novelid=2249118
老肝妈,自从我捡到了杀殿这白富美[综],衍生-言情-架空历史-东方衍生,正剧,完结,1510022,2460953600,2017-05-01 23:41:44,http://www.jjwxc.net/onebook.php?novelid=3178139
墨宝非宝,轻易放火,原创-言情-近代现代-爱情,轻松,完结,207963,686746304,2011-02-20 18:23:22,http://www.jjwxc.net/onebook.php?novelid=1115639
石头与水,我这糟心的重生,原创-言情-近代现代-爱情,正剧,完结,1107980,2406233344,2020-12-10 05:58:36,http://www.jjwxc.net/onebook.php?novelid=5342343
顾子木,最佳女配,原创-言情-近代现代-爱情,轻松,完结,773573,1032153152,2013-08-07 15:34:04,http://www.jjwxc.net/onebook.php?novelid=1880563
大团团,大清第一作家,衍生-言情-架空历史-东方衍生,轻松,完结,630936,1081988608,2020-05-07 16:30:53,http://www.jjwxc.net/onebook.php?novelid=4813855
Ventisca,[综英美]App不能拯救世界,衍生-言情-近代现代-西方衍生,正剧,完结,986063,1591371264,2016-06-24 11:43:32,http://www.jjwxc.net/onebook.php?novelid=2820411
石头与水,千山记,原创-言情-架空历史-传奇,正剧,完结,2079171,1625288576,2015-06-26 20:30:20,http://www.jjwxc.net/onebook.php?novelid=2487981
笑佳人,宠后之路,原创-言情-架空历史-爱情,轻松,完结,1056093,1590081152,2015-01-06 13:02:50,http://www.jjwxc.net/onebook.php?novelid=2356301
鱼七彩,大唐晋阳公主,衍生-言情-古色古香-东方衍生,轻松,完结,1249506,750408064,2015-03-27 11:35:18,http://www.jjwxc.net/onebook.php?novelid=2419670
老肝妈,[综]自从我接手了本丸这群祖宗,衍生-言情-架空历史-东方衍生,正剧,完结,688888,1459810560,2017-12-27 21:45:15,http://www.jjwxc.net/onebook.php?novelid=3440574
笑佳人,影帝的公主,原创-言情-近代现代-爱情,轻松,完结,389131,1716484096,2014-08-11 11:31:53,http://www.jjwxc.net/onebook.php?novelid=2197950
绝世小白,慢慢仙途之仙灵界,原创-言情-架空历史-仙侠,轻松,连载,1404894,757833152,2012-03-13 13:38:51,http://www.jjwxc.net/onebook.php?novelid=1467822
欧阳墨心,到开封府混个公务员（出版名：《南衙纪事》）,衍生-言情-古色古香-东方衍生,轻松,完结,1630915,1137004288,2007-03-01 22:43:36,http://www.jjwxc.net/onebook.php?novelid=172602
月下蝶影,八宝妆,原创-言情-架空历史-爱情,轻松,完结,344585,1756857216,2014-07-25 11:56:39,http://www.jjwxc.net/onebook.php?novelid=2179428
草菇老抽,[综童话]穿成女主的妈,衍生-言情-架空历史-西方衍生,轻松,连载,1231410,591700928,2020-09-26 21:39:42,http://www.jjwxc.net/onebook.php?novelid=5195819
墨宝非宝,念念不想忘,原创-言情-近代现代-爱情,轻松,完结,48520,636918208,2011-09-25 21:09:09,http://www.jjwxc.net/onebook.php?novelid=1319256
祈祷君,人人都爱马文才,衍生-言情-古色古香-东方衍生,正剧,完结,2401950,1341993984,2015-12-16 23:51:39,http://www.jjwxc.net/onebook.php?novelid=2630301
我想吃肉,诗酒趁年华,原创-言情-架空历史-传奇,正剧,完结,2092647,1626384512,2014-02-11 16:50:42,http://www.jjwxc.net/onebook.php?novelid=2013355
尤四姐,宫略,原创-言情-架空历史-爱情,正剧,完结,501331,1052757312,2013-04-12 11:20:12,http://www.jjwxc.net/onebook.php?novelid=1774380
顾漫,（新番完）何以笙箫默,原创-言情-近代现代-爱情,正剧,完结,121051,307147776,2005-08-25 01:15:56,http://www.jjwxc.net/onebook.php?novelid=55648
我想吃肉,奸臣之女,原创-言情-架空历史-传奇,正剧,完结,1671652,1525659392,2012-07-03 18:17:57,http://www.jjwxc.net/onebook.php?novelid=1560063
不经语,误入浮华,原创-言情-近代现代-爱情,正剧,完结,412541,589412032,2011-04-07 20:26:51,http://www.jjwxc.net/onebook.php?novelid=1167137
蜀客,穿越之天雷一部,原创-言情-架空历史-爱情,轻松,完结,403467,976904064,2008-11-06 18:28:07,http://www.jjwxc.net/onebook.php?novelid=395278
蜀客,重紫,原创-言情-架空历史-爱情,正剧,完结,448308,1186113920,2010-02-03 13:38:11,http://www.jjwxc.net/onebook.php?novelid=653040
西子绪,遇到你很高兴,原创-言情-近代现代-爱情,轻松,完结,199223,2481420032,2014-06-11 16:57:39,http://www.jjwxc.net/onebook.php?novelid=2141855
忆锦,兔子压倒窝边草,原创-言情-近代现代-爱情,轻松,完结,252081,656939136,2009-09-21 00:13:55,http://www.jjwxc.net/onebook.php?novelid=568365
君子以泽,月上重火,原创-言情-古色古香-爱情,轻松,完结,327547,745611392,2008-07-20 20:06:01,http://www.jjwxc.net/onebook.php?novelid=349371
我想吃肉,非主流清穿,原创-言情-古色古香-爱情,正剧,完结,2101532,1567696640,2011-06-19 17:05:58,http://www.jjwxc.net/onebook.php?novelid=1221003
百里冰烟,慈母之心[综],衍生-言情-架空历史-其他衍生,正剧,完结,3371009,684912448,2013-10-12 10:18:33,http://www.jjwxc.net/onebook.php?novelid=1933236
水天一色,推理短文八篇,原创-言情-近代现代-悬疑,正剧,完结,36201,132924736,2004-08-24 23:48:44,http://www.jjwxc.net/onebook.php?novelid=15488
北倾,一禽定音,原创-言情-近代现代-爱情,正剧,完结,258852,907861248,2013-07-31 13:05:21,http://www.jjwxc.net/onebook.php?novelid=1872908
挖坑不填,[综]无面女王,衍生-言情-幻想未来-东方衍生,轻松,连载,2027792,1257600896,2017-08-16 11:27:11,http://www.jjwxc.net/onebook.php?novelid=3315981
蜀客,落花时节又逢君,原创-言情-架空历史-爱情,正剧,完结,230666,661188032,2009-05-07 10:33:47,http://www.jjwxc.net/onebook.php?novelid=474607
花命罗,猎人同人-无处不在的龙套生活,衍生-言情-架空历史-东方衍生,正剧,连载,3200240,1411126400,2009-02-16 22:13:29,http://www.jjwxc.net/onebook.php?novelid=439197
飘舞Iris,《死神Bleach同人》水月 纱夜,衍生-言情-古色古香-东方衍生,轻松,完结,55520,149119776,2007-06-18 21:36:27,http://www.jjwxc.net/onebook.php?novelid=205496
priest,大战拖延症,原创-言情-近代现代-爱情,轻松,完结,177656,3074126848,2012-03-04 10:26:22,http://www.jjwxc.net/onebook.php?novelid=1461220
顾漫,杉杉来吃,原创-言情-近代现代-爱情,轻松,连载,66809,258906016,2007-09-26 00:16:46,http://www.jjwxc.net/onebook.php?novelid=247098
魍魉姬*蓝雪,撞到狐狸,原创-言情-近代现代-爱情,正剧,完结,61891,275669088,2003-12-06 23:20:31,http://www.jjwxc.net/onebook.php?novelid=5135
时镜,大清厚黑日常,衍生-言情-古色古香-东方衍生,正剧,完结,1388970,957664768,2012-10-20 00:45:37,http://www.jjwxc.net/onebook.php?novelid=1649434
priest,资本剑客,原创-言情-近代现代-爱情,轻松,完结,192930,3001230080,2011-10-09 22:29:02,http://www.jjwxc.net/onebook.php?novelid=1339490
风流书呆,傲慢与偏见之贫穷贵公主,衍生-言情-近代现代-西方衍生,轻松,完结,255382,1424587776,2013-08-15 09:51:08,http://www.jjwxc.net/onebook.php?novelid=1888108
蜀客,小凰不是仙,原创-言情-架空历史-爱情,轻松,完结,184537,575606976,2010-09-27 19:52:00,http://www.jjwxc.net/onebook.php?novelid=902683
兰桂,时空历练记[快穿],衍生-言情-架空历史-其他衍生,轻松,完结,1041282,459421344,2013-12-18 00:35:13,http://www.jjwxc.net/onebook.php?novelid=1975909
关心则乱,格林童话,衍生-言情-架空历史-西方衍生,正剧,完结,731574,622498560,2009-08-10 17:42:13,http://www.jjwxc.net/onebook.php?novelid=537964
三千琉璃,[综]卡卡西，我还能抢救下！,衍生-言情-架空历史-东方衍生,轻松,连载,2512920,674478528,2014-11-28 21:04:13,http://www.jjwxc.net/onebook.php?novelid=2308738
紫色如歌,爱上狄仁杰,衍生-言情-古色古香-东方衍生,轻松,完结,51117,61592904,2005-01-30 18:55:23,http://www.jjwxc.net/onebook.php?novelid=27142
四叶铃兰,江山如画：典藏版,原创-言情-古色古香-爱情,正剧,完结,456059,602943168,2007-11-06 19:34:40,http://www.jjwxc.net/onebook.php?novelid=260419
我想吃肉,皇后难为,衍生-言情-古色古香-东方衍生,正剧,完结,635470,1306631680,2010-01-23 11:39:13,http://www.jjwxc.net/onebook.php?novelid=642861
君子以泽,奈何,原创-言情-古色古香-爱情,轻松,完结,172221,1120137984,2011-07-09 17:33:44,http://www.jjwxc.net/onebook.php?novelid=1239925
那只狐狸,坏事多磨,原创-言情-古色古香-武侠,轻松,完结,600593,793582592,2008-06-22 19:07:12,http://www.jjwxc.net/onebook.php?novelid=335403
雾矢翊,不是妻管严（网王）,衍生-言情-近代现代-东方衍生,轻松,完结,534218,510696800,2011-07-22 12:05:20,http://www.jjwxc.net/onebook.php?novelid=1253355
月下蝶影,老婆，你好！,原创-言情-近代现代-爱情,轻松,完结,167729,1448718720,2011-02-01 17:36:47,http://www.jjwxc.net/onebook.php?novelid=1081853
蜀客,奔月,原创-言情-架空历史-爱情,正剧,完结,631712,612773120,2012-04-05 20:01:59,http://www.jjwxc.net/onebook.php?novelid=1485737
多木木多,蕾拉的噩梦,衍生-言情-近代现代-西方衍生,正剧,完结,365020,502593216,2011-11-01 18:24:18,http://www.jjwxc.net/onebook.php?novelid=1359014
梦溪石,天之骄女,原创-言情-近代现代-传奇,轻松,完结,321138,1056072192,2012-12-18 12:07:56,http://www.jjwxc.net/onebook.php?novelid=1685246
谨严,书虫在清朝的米虫生活,原创-言情-古色古香-爱情,轻松,完结,295329,600188096,2008-12-05 13:11:45,http://www.jjwxc.net/onebook.php?novelid=405415
信用卡,穿越后的悠闲生活,原创-言情-架空历史-爱情,正剧,完结,404168,486392096,2010-04-21 19:36:03,http://www.jjwxc.net/onebook.php?novelid=710481
谨严,随遇而安的樱花（网王同人）,衍生-言情-近代现代-东方衍生,轻松,完结,236629,326597408,2008-07-23 15:40:15,http://www.jjwxc.net/onebook.php?novelid=351426
多木木多,瑞德罗特,衍生-言情-近代现代-东方衍生,正剧,完结,457377,434655328,2010-11-01 21:28:52,http://www.jjwxc.net/onebook.php?novelid=950773
江山沧澜,[综]穿到猎人当作家,衍生-言情-架空历史-东方衍生,正剧,完结,480067,586266496,2015-06-20 18:11:30,http://www.jjwxc.net/onebook.php?novelid=2482518
君子以泽,奥汀的祝福,原创-言情-架空历史-爱情,正剧,完结,434112,2170589696,2009-07-30 10:01:32,http://www.jjwxc.net/onebook.php?novelid=527967
南岛樱桃,神棍贾赦,衍生-言情-古色古香-古典衍生,轻松,完结,640288,522517824,2014-05-12 03:37:21,http://www.jjwxc.net/onebook.php?novelid=2123329
爱爬树的鱼,莫笑我胡为之颠覆妲己,原创-言情-架空历史-仙侠,轻松,完结,344820,524379520,2009-02-25 17:19:00,http://www.jjwxc.net/onebook.php?novelid=443389
四木,无方少年游,原创-言情-古色古香-爱情,正剧,完结,570613,421323616,2008-10-31 12:54:47,http://www.jjwxc.net/onebook.php?novelid=392920
priest,流光十五年,原创-言情-近代现代-爱情,轻松,完结,220017,2964597504,2010-10-01 18:44:43,http://www.jjwxc.net/onebook.php?novelid=907663
蜀客,穿越之第一夫君（2021修正版）,原创-言情-架空历史-爱情,正剧,完结,343063,606617792,2007-10-05 12:05:13,http://www.jjwxc.net/onebook.php?novelid=250152
月下蝶影,还珠之太后金安,衍生-言情-架空历史-东方衍生,轻松,完结,170395,1420075392,2010-05-05 16:04:16,http://www.jjwxc.net/onebook.php?novelid=720166
君子以泽,最后的女神,原创-言情-架空历史-奇幻,轻松,完结,397996,2775655936,2010-12-24 00:01:02,http://www.jjwxc.net/onebook.php?novelid=1017751
看泉听风,天启悠闲生活,原创-言情-架空历史-爱情,正剧,完结,419627,501548480,2009-12-24 19:26:50,http://www.jjwxc.net/onebook.php?novelid=622739
kinsalin,双网之音（网王同人）,衍生-言情-近代现代-东方衍生,轻松,完结,624210,347087648,2008-12-10 11:10:28,http://www.jjwxc.net/onebook.php?novelid=407259
SISIMO,[网王]森森翠微容,衍生-言情-近代现代-东方衍生,轻松,完结,169751,485251456,2010-11-09 00:40:15,http://www.jjwxc.net/onebook.php?novelid=959891
顾漫,何以笙箫默(全文地址见内),原创-言情-近代现代-爱情,正剧,完结,79027,223765440,2003-09-22 14:46:55,http://www.jjwxc.net/onebook.php?novelid=2456
雾矢翊,包子造人计划（网王）,衍生-言情-近代现代-东方衍生,轻松,完结,332938,429381600,2012-07-11 14:10:34,http://www.jjwxc.net/onebook.php?novelid=1568796
桃花露,穿越市井田园,原创-言情-古色古香-爱情,正剧,完结,624102,618471296,2010-06-28 11:02:22,http://www.jjwxc.net/onebook.php?novelid=761174
水心沙,宝珠鬼话,原创-言情-古色古香-惊悚,轻松,完结,599060,217641824,2006-08-31 15:25:08,http://www.jjwxc.net/onebook.php?novelid=128864
匪我思存,寂寞空庭春欲晚,原创-言情-古色古香-爱情,正剧,连载,180412,142217856,2004-10-30 23:10:57,http://www.jjwxc.net/onebook.php?novelid=19384
君子以泽,贵族,原创-言情-架空历史-爱情,正剧,完结,180924,1118408960,2008-02-16 19:45:41,http://www.jjwxc.net/onebook.php?novelid=291889
时镜,和珅是个妻管严,衍生-言情-古色古香-东方衍生,正剧,完结,710477,553561088,2014-02-07 22:45:52,http://www.jjwxc.net/onebook.php?novelid=2010346
匪我思存,碧甃沉（完结）,原创-言情-近代现代-爱情,悲剧,完结,171572,157591568,2005-03-15 15:05:04,http://www.jjwxc.net/onebook.php?novelid=31816
芙娅,综漫 无限反派,衍生-言情-架空历史-东方衍生,轻松,完结,785429,620739456,2009-03-02 12:21:23,http://www.jjwxc.net/onebook.php?novelid=445608
_惊鸿_,如 梦 令,原创-言情-古色古香-爱情,正剧,完结,466660,432084928,2007-03-30 23:19:36,http://www.jjwxc.net/onebook.php?novelid=180625
吕天逸,青行灯,原创-言情-近代现代-惊悚,暗黑,完结,170276,718747136,2009-05-07 20:07:35,http://www.jjwxc.net/onebook.php?novelid=474903
东篱菊隐,最禛心,原创-言情-古色古香-传奇,轻松,完结,572173,392079264,2007-11-13 15:12:40,http://www.jjwxc.net/onebook.php?novelid=262440
彼岸花开否,如果有一天（网王同人）,衍生-言情-古色古香-东方衍生,正剧,完结,585449,306517536,2007-03-15 13:20:26,http://www.jjwxc.net/onebook.php?novelid=176327
七宝酥,老师，太给力！,原创-言情-近代现代-爱情,轻松,完结,187837,529953536,2010-07-24 22:19:25,http://www.jjwxc.net/onebook.php?novelid=789815
扶华,[犬夜叉]奈落夫人的穿越记事,衍生-言情-架空历史-东方衍生,轻松,完结,170623,685634624,2013-04-08 13:02:59,http://www.jjwxc.net/onebook.php?novelid=1772167
君子以泽,黑色高跟鞋,原创-言情-架空历史-奇幻,正剧,完结,196441,1712306560,2007-03-31 15:08:51,http://www.jjwxc.net/onebook.php?novelid=180845
北倾,混成大神反被调戏,原创-言情-近代现代-游戏,轻松,完结,146745,667029184,2011-09-27 13:37:38,http://www.jjwxc.net/onebook.php?novelid=1325655
孟中泠,穿越之七侠五义,衍生-言情-古色古香-东方衍生,轻松,完结,556418,224177968,2008-04-30 22:37:45,http://www.jjwxc.net/onebook.php?novelid=316288
清渺,绝艳皇朝之诱魂,原创-言情-古色古香-爱情,正剧,完结,365187,185523616,2006-05-23 18:49:34,http://www.jjwxc.net/onebook.php?novelid=103361
明晓溪,烈火如歌I,原创-言情-古色古香-爱情,正剧,完结,129750,84404584,2003-08-02 09:33:30,http://www.jjwxc.net/onebook.php?novelid=487
姒姜,情何以堪,原创-言情-架空历史-爱情,正剧,完结,246709,123383616,2004-06-22 13:36:03,http://www.jjwxc.net/onebook.php?novelid=12512
芙娅,综漫 良善一念 为恶人间,衍生-言情-架空历史-东方衍生,轻松,完结,442939,368062944,2009-10-16 13:13:04,http://www.jjwxc.net/onebook.php?novelid=582917
时镜,[大汉天子]废后复仇,衍生-言情-古色古香-东方衍生,正剧,完结,498013,504285120,2013-12-08 21:35:14,http://www.jjwxc.net/onebook.php?novelid=1971415
蝶之灵,奔跑的蜗牛,原创-言情-近代现代-爱情,轻松,完结,214470,870135680,2009-05-03 01:44:37,http://www.jjwxc.net/onebook.php?novelid=472870
扶华,从尾巷开始,衍生-言情-架空历史-西方衍生,轻松,完结,237853,681493312,2013-02-04 19:57:23,http://www.jjwxc.net/onebook.php?novelid=1722284
凌凌君,男差女错,原创-言情-古色古香-武侠,轻松,完结,856901,123771032,2005-08-23 11:31:22,http://www.jjwxc.net/onebook.php?novelid=55325
子独,"『猎人同人』真的,什么,假的.（修完）",衍生-言情-架空历史-东方衍生,正剧,完结,405010,231538784,2006-09-30 19:06:18,http://www.jjwxc.net/onebook.php?novelid=134946
井汐,[网王]赤汐（当宅女遇到小海带）,衍生-言情-近代现代-东方衍生,轻松,完结,410452,201910112,2007-12-11 20:39:09,http://www.jjwxc.net/onebook.php?novelid=271008
同仁坑,曦世界（综漫）,衍生-言情-幻想未来-东方衍生,轻松,完结,656704,212857344,2007-09-07 10:04:56,http://www.jjwxc.net/onebook.php?novelid=241143
神月离人,网王穿越——颖武元天1,衍生-言情-近代现代-东方衍生,轻松,完结,373579,260224448,2006-06-10 22:04:45,http://www.jjwxc.net/onebook.php?novelid=107074
神月离人,网王同人-请叫我公主,衍生-言情-近代现代-东方衍生,轻松,完结,357256,214704576,2006-09-17 16:35:56,http://www.jjwxc.net/onebook.php?novelid=132457
葡萄,七宝项链,原创-言情-近代现代-奇幻,正剧,完结,195217,81214520,2005-10-02 00:20:59,http://www.jjwxc.net/onebook.php?novelid=61552
扶华,每次渡完魂都要给一只忠犬擦口水,衍生-言情-架空历史-东方衍生,轻松,完结,209573,683362816,2013-08-16 16:55:05,http://www.jjwxc.net/onebook.php?novelid=1889557
蝶之灵,遇见你就烂漫了,原创-言情-近代现代-爱情,轻松,完结,206186,700311744,2011-01-31 18:47:55,http://www.jjwxc.net/onebook.php?novelid=1080053
季风,竹枝词,原创-言情-古色古香-爱情,正剧,连载,362907,103003088,2004-05-07 19:41:54,http://www.jjwxc.net/onebook.php?novelid=11190
晴川,少年韦帅望之大隐于市,原创-言情-古色古香-武侠,轻松,完结,1205525,682271296,2007-07-09 01:24:18,http://www.jjwxc.net/onebook.php?novelid=214401
夜安,迷途,原创-言情-古色古香-爱情,正剧,完结,185845,187681536,2005-08-29 20:49:21,http://www.jjwxc.net/onebook.php?novelid=56627
楚湘云,清风吹散往事如烟灭,原创-言情-古色古香-爱情,正剧,完结,676050,587693888,2006-02-22 12:41:14,http://www.jjwxc.net/onebook.php?novelid=86428
淮上,论丐哥撩妹的可行性实用报告,衍生-言情-古色古香-东方衍生,轻松,完结,16416,2343550720,2017-04-15 19:17:19,http://www.jjwxc.net/onebook.php?novelid=3162099
明晓溪,泡沫之夏3,原创-言情-近代现代-爱情,正剧,完结,207300,293390368,2006-10-02 16:38:59,http://www.jjwxc.net/onebook.php?novelid=135293
蝶之灵,御姐江湖,原创-言情-近代现代-爱情,轻松,完结,221507,702750272,2012-03-16 17:51:39,http://www.jjwxc.net/onebook.php?novelid=1469663
顾漫,怀璧公主,原创-言情-古色古香-爱情,正剧,连载,10440,131766352,2003-09-23 18:18:31,http://www.jjwxc.net/onebook.php?novelid=2530
落千水,高达seed——星辰的光与影,衍生-言情-幻想未来-东方衍生,正剧,完结,1663683,179434880,2008-02-28 17:52:15,http://www.jjwxc.net/onebook.php?novelid=295983
曦宁若海月,帝王画眉,原创-言情-古色古香-爱情,正剧,完结,169292,235796480,2006-06-18 20:23:59,http://www.jjwxc.net/onebook.php?novelid=109034
晴川,青年韦帅望之不减狂傲,原创-言情-架空历史-武侠,轻松,完结,2106273,625789824,2009-08-10 09:35:04,http://www.jjwxc.net/onebook.php?novelid=537541
暝色,白衣传,原创-言情-古色古香-武侠,正剧,完结,258392,68720224,2003-12-07 17:32:42,http://www.jjwxc.net/onebook.php?novelid=5170
曦宁若海月,奉剑女（网王同人）,衍生-言情-近代现代-东方衍生,正剧,完结,203121,51151384,2006-01-12 10:57:24,http://www.jjwxc.net/onebook.php?novelid=77802
红花,王将,原创-言情-古色古香-传奇,正剧,连载,345726,95275056,2004-05-24 19:02:15,http://www.jjwxc.net/onebook.php?novelid=11772
忆锦,云中谁忆锦书来,原创-言情-古色古香-爱情,轻松,完结,428019,277520160,2008-01-30 18:32:43,http://www.jjwxc.net/onebook.php?novelid=285311
青色羽翼,流星街小卖店,衍生-言情-架空历史-东方衍生,轻松,完结,256852,576373888,2009-10-29 17:58:26,http://www.jjwxc.net/onebook.php?novelid=590709
井汐,[SD同人]苍之翼,衍生-言情-近代现代-东方衍生,正剧,完结,432584,222104640,2008-02-12 18:24:35,http://www.jjwxc.net/onebook.php?novelid=290254
蜀客,穿越之兰柯一梦,原创-言情-古色古香-爱情,正剧,完结,158512,189871328,2007-06-11 00:19:56,http://www.jjwxc.net/onebook.php?novelid=202388
楚湘云,清风吹散往事如烟灭，续,原创-言情-古色古香-爱情,正剧,完结,454675,305015936,2007-05-10 14:01:02,http://www.jjwxc.net/onebook.php?novelid=192873
寒烈,凤凰无双-释情(完),原创-言情-古色古香-爱情,正剧,完结,153060,62625896,2004-02-18 10:28:21,http://www.jjwxc.net/onebook.php?novelid=8121
姒姜,落蕊重芳,原创-言情-架空历史-爱情,正剧,完结,347831,92176920,2005-03-21 15:18:30,http://www.jjwxc.net/onebook.php?novelid=32442
水心沙,尼罗河之鹰-雷(尼罗河系列第一部),原创-言情-古色古香-爱情,正剧,完结,111008,46056592,2003-11-09 18:41:17,http://www.jjwxc.net/onebook.php?novelid=4375
舟洲,深宫风云之铿锵玫瑰,原创-言情-古色古香-爱情,正剧,连载,263677,98444720,2005-11-04 20:40:13,http://www.jjwxc.net/onebook.php?novelid=66006
北倾,TMD，李亚,原创-言情-近代现代-爱情,轻松,完结,16636,611425472,2012-06-02 15:58:09,http://www.jjwxc.net/onebook.php?novelid=1528496
君子以泽,魔女游戏规则,原创-言情-近代现代-爱情,轻松,完结,99373,655119168,2006-09-21 06:20:57,http://www.jjwxc.net/onebook.php?novelid=133147
之之,望天（穿越时空文）,原创-言情-古色古香-爱情,正剧,完结,118490,78635296,2004-09-28 16:27:06,http://www.jjwxc.net/onebook.php?novelid=17327
桃真真,红尘客,原创-言情-古色古香-爱情,轻松,完结,156787,63389064,2004-12-08 00:26:48,http://www.jjwxc.net/onebook.php?novelid=22467
残心,网王-真实,衍生-言情-近代现代-东方衍生,轻松,连载,119675,22311728,2006-03-30 20:53:11,http://www.jjwxc.net/onebook.php?novelid=93219
扶华,从头开始,衍生-言情-近代现代-西方衍生,轻松,完结,69580,642998784,2013-05-11 20:23:20,http://www.jjwxc.net/onebook.php?novelid=1795627
沈夜,疑情记,原创-言情-古色古香-爱情,正剧,暂停,246274,98461800,2005-06-08 09:33:50,http://www.jjwxc.net/onebook.php?novelid=41048
夏光明媚的麦田,(灌高同人)17岁的柠檬茶,衍生-言情-古色古香-东方衍生,轻松,连载,216654,21682334,2005-05-15 15:19:57,http://www.jjwxc.net/onebook.php?novelid=37925
之之,（望天第二部）将军明若,原创-言情-古色古香-爱情,正剧,连载,230362,195503616,2004-12-21 23:21:32,http://www.jjwxc.net/onebook.php?novelid=23589
小蜜儿,网王同人---他还是她?（大修）,衍生-言情-近代现代-东方衍生,轻松,暂停,262390,46501804,2006-04-26 00:04:31,http://www.jjwxc.net/onebook.php?novelid=97801
净植,天香记,原创-言情-架空历史-爱情,轻松,完结,176978,36307624,2004-01-14 12:45:19,http://www.jjwxc.net/onebook.php?novelid=6477
之之,还我与梦（新版）,原创-言情-古色古香-爱情,正剧,连载,142627,362622400,2006-03-20 21:16:49,http://www.jjwxc.net/onebook.php?novelid=91370
悦乙,乱尘之风,衍生-言情-幻想未来-东方衍生,正剧,完结,322552,36454076,2006-03-12 07:22:17,http://www.jjwxc.net/onebook.php?novelid=90001
花无痕,熹妃（上部）之王府沉浮,原创-言情-古色古香-传奇,正剧,完结,193007,84675064,2004-07-01 11:31:32,http://www.jjwxc.net/onebook.php?novelid=12773
Kaede·Hirakawa,Slavery（光速同人）,衍生-言情-近代现代-东方衍生,轻松,完结,837689,76715448,2007-05-11 23:23:55,http://www.jjwxc.net/onebook.php?novelid=193295
ane,好山好水好花儿（完）,原创-言情-近代现代-爱情,正剧,完结,543959,137155536,2005-03-17 08:15:21,http://www.jjwxc.net/onebook.php?novelid=32002
野马原之月,我和天师有个约会,衍生-言情-未知-东方衍生,正剧,连载,227388,6473014,2005-07-03 07:22:13,http://www.jjwxc.net/onebook.php?novelid=45182
ane,好山好水好花儿（新篇）（完）,原创-言情-近代现代-爱情,正剧,完结,583345,100176184,2005-06-15 17:05:55,http://www.jjwxc.net/onebook.php?novelid=42195
雪之岚,塔罗物语,衍生-言情-近代现代-东方衍生,正剧,完结,245125,4237951,2004-07-21 22:28:02,http://www.jjwxc.net/onebook.php?novelid=13695
冷泠,新再生缘2（丽君之凤翔天翼）,衍生-言情-古色古香-东方衍生,正剧,连载,139842,17418444,2005-04-04 21:08:47,http://www.jjwxc.net/onebook.php?novelid=33969
水之赛冰,玩  转（游戏规则后篇）,原创-言情-古色古香-爱情,悲剧,完结,93913,33288928,2004-01-19 17:41:55,http://www.jjwxc.net/onebook.php?novelid=6719
滚滚d虫,我本平凡,衍生-言情-架空历史-东方衍生,正剧,完结,145199,8733815,2004-11-27 15:20:51,http://www.jjwxc.net/onebook.php?novelid=21603
飞花（JJ）,西域之英雄传说（塞外奇侠演绎篇）,衍生-言情-古色古香-东方衍生,正剧,完结,33504,9098858,2004-04-15 09:05:10,http://www.jjwxc.net/onebook.php?novelid=10437
魍魉姬*蓝雪,窦明番外（非九重紫作者）,衍生-言情-古色古香-东方衍生,正剧,完结,286716,19969716,2004-04-11 22:21:37,http://www.jjwxc.net/onebook.php?novelid=10348
