偷偷藏不住,竹已,http://www.jjwxc.net/onebook.php?novelid=3676002,原创-言情-近代现代-爱情,女主,轻松,南芜双狗,完结,372127字,"['※实体书已出版上市，各平台均有售=v=', '十三岁那年，桑稚偷偷喜欢上一个男人。', '男人的模样冷淡慵懒，说起话来吊儿郎当的，经常来她家，一个下午窝在她哥哥房间里打游戏。', '偶尔见她进来送水果零食，也只是漫不经心地掀起眼皮，笑得像个妖孽：“小孩，你怎么回事啊？一见到哥哥就脸红。”', '*妖孽腹黑x乖张少女', '微博@小竹已']",情有独钟 励志人生 甜文,主角：桑稚，段嘉许 ┃ 配角： ┃ 其它：,少女暗恋成真
白日梦我,栖见,http://www.jjwxc.net/onebook.php?novelid=3525826,原创-言情-近代现代-爱情,女主,正剧,完结了好开心之 神射手,完结,427269字,"['【下本《桃枝气泡》】', '【实体书已出版，淘宝天猫当当等平台均有销售ww微博@栖见吗】', '奖学金争夺战进行的如火如荼，学校教导主任办公室门口，林语惊和沈倦狭路相逢。', '林语惊表情凄怆，眼中含泪：“沈同学，实话跟你说了吧，我是乡下来的，家里很穷，原名叫林翠花，我们莲花村就出了我一个能到大城市读书的，这次我如果拿不到奖学金就没钱交学费，没钱交学费就只能回村里喂猪……”', '沈倦神情松懒，漫不经心：“好巧，我是隔壁荷叶村的，本名沈铁柱，我不仅要喂猪，还得种地。”', '林语惊：“……”', '两人面无表情对视了三秒，然后动作整齐划一，各自转身离开。', '沈倦钻进私人直升飞机，林语惊上了加长版劳斯莱斯幻影。', '——两个有钱人每天在对方面前，互相真实地，努力地穷着，的故事。', '-中二沙雕校园文', '标题是wuli竹暄暄写哒', '“语是语不惊人死不休的语，惊是惊天地泣鬼神那个惊。”']",励志人生,主角：沈倦，林语惊 ┃ 配角： ┃ 其它：,倦爷今天也真实又努力地穷着
她的小梨涡,唧唧的猫,http://www.jjwxc.net/onebook.php?novelid=3070243,原创-言情-近代现代-爱情,女主,轻松,临市一中,完结,257143字,"['本书已出实体书，五月上市，可去淘宝、天猫、京东直接搜索【她的小梨窝】，预售买有福利，实体书比网络版多了番外~', '初见你时', '真的不知道你这么楚楚动人', '让人垂涎欲滴', 'by大魔王', '脾气很差的问题少年，有一天，遇到了一个从南方来，胆子超小的转学生......', '同学们最近都在疯传，班上的大帅逼谢辞，好像盯上那个转学生了。', '某一天，许呦上早自习时，在课桌上发现了一张纸条：', '小可爱。', '我们北方人脾气都很躁哦。：）', 'Tips：此文校园杀、回忆杀～～', '微博：@唧唧的猫']",都市情缘,主角：许呦 ┃ 配角：谢辞 ┃ 其它：,大魔王x小可爱
满级绿茶穿成小可怜,春刀寒,http://www.jjwxc.net/onebook.php?novelid=4403740,原创-言情-架空历史-爱情,女主,轻松,写完啦,完结,425527字,"['林非鹿外号绿茶公主', '心机茶中的战斗茶，民间奥斯卡影后', '卖得了萌，掐得了架，装得了无辜，演得了白莲', '反正不是个好人', '后来她为自己的行为付出了代价——死在二十七岁生日那天', '死的时候，林非鹿反思自己这二十多年的绿茶生涯，深深感到自责和后悔', '她发誓，如果有来世，她一定当个好人', '结果穿成了大林朝的五岁小公主', '母妃不受宠病恹恹，哥哥是个痴傻智障', '吃不饱穿不暖，还随时有生命危险', '生存环境非常恶劣', '想要当一个好人的林非鹿：……是你们逼我的', '对不起，只能开大了', '宫斗？争宠？上位？', '不好意思，让你们见识一下什么叫满级玩家屠新手村', '-----------------------', '孱弱的宋国送了一个小皇子来大林朝当质子', '小皇子生得漂亮俊俏，人畜无害，在大林朝过得水深火热', '重度颜控林非鹿常常施以援手帮助这个小可怜', '后来小可怜长成了大魔王', '回国弑父夺位，率十万铁骑陈兵淮河岸', '他穿一身玄甲，猩红披风猎猎作响，笑着说：回去告诉你们陛下，孤只要永安公主', '永安公主林非鹿：？？？', '想我堂堂一世绿茶，最后竟然折在了白切黑手上', '林非鹿：你演我', '宋惊澜：承让，孤与皇后互演罢了', '【前期主女主事业，感情戏靠后，不喜勿入】', '【背景架空，私设杜撰，爽文，非正经宫斗】', '【男女主都非善茬，文中人物三观不代表作者】', '【微博：@春刀寒】', '---------------', '预收文《负相思》，欢迎收藏', '相思从小孤苦无依，没有修仙的灵根', '好不容易在妖魔横行的修仙世界顽强长大，眼看就要过上好日子了', '灵魂突然被拘到了另一具身体内', '体内残魂看着精神不大正常，疯疯癫癫地大喊：“我已在夙北斗体内种下情蛊！只要他爱上你，情蛊就会发作！届时你二人性命相绑，你死他死，你亡他亡！情蛊一旦发作，他必受碎骨断筋之痛！你要让他爱上你，将他折磨致死，最后自杀取他性命！”', '相思：？？？什么仇什么怨', '残魂喊完就嗝屁了，相思成了这具身体的新主人', '傅相思，归元宗掌门之女，修仙界的天之骄女', '而人人都知道，归元宗一年前就被魔界的新魔君屠了满门，傅相思更是沦为阶下囚，备受折磨', '听说那魔头疯起来连自己都砍，食人饮血，凶残暴戾', '修仙界人人自危，谈之色变', '相思：所以一觉睡醒，我多了个大魔头仇人？我被囚禁了？我还给他下毒了？', '报仇是不可能报仇的，修真界的爱恨情仇跟她一个废物凡人有什么关系！', '相思只想远离疯批，认真苟活', '如果有一天能感化魔头，放她回到人界的小茅屋，那就更好了！', '而大魔头看着在自己埋尸的殿院上种菜的女人陷入了沉思', '【相思没想过夙北斗会爱上自己', '所以她也没想到，在她用忘忧让他忘记自己后，夙北斗会变成一个彻底失去理智的疯子', '疯到覆灭人界，疯到杀了她】', '疯批大魔头X社交牛逼症小太阳', '前期甜，中期虐，后期糖中带刀，HE']",穿越时空 青梅竹马 宫斗 爽文,主角：林非鹿 ┃ 配角：宋惊澜 ┃ 其它：春刀寒,满级玩家屠新手村
有匪,priest,http://www.jjwxc.net/onebook.php?novelid=2595385,原创-言情-架空历史-武侠,女主,正剧,全年龄&言情之 大雪,完结,698356字,"['“终有一天，你会跨过静谧无声的洗墨江，离开群山环抱的旧桃源，来到无边阴霾的夜空之下。你会目睹无数不可攀爬之山相继倾覆，不可逾越之海干涸成田，你要记得，你的命运悬在刀尖上，而刀尖须得永远向前。”', '“愿你在冷铁卷刃前，得以窥见天光。”', '给亲爱的太后的生日贺文！太后万寿无疆~~~', '感谢olivia银字_和ink森林君两个姑娘的封=w=', '更新频率：更新时间为每天中午十一点，会尽量日更，但由于没有存稿，不一定保证，断更会打招呼，谢谢诸位', '本文正在参加晋江的元宵赛事会，详细地址见右', 'http://www.jjwxc.net/sp/newyear2016/yxjssh/', '欢迎大家参与', '第二十八章开始VIP，当日三更，长评送分，请转载的诸位尽快撤文了，感谢支持正版~']",江湖恩怨 三教九流 天之骄子,主角：周翡，谢允 ┃ 配角： ┃ 其它：,乱世江湖
他最野了,曲小蛐,http://www.jjwxc.net/onebook.php?novelid=3597941,原创-言情-近代现代-爱情,女主,正剧,旧时光之 大魔王,完结,485236字,"['三中转校来了个哑巴似的小怪胎，永远穿着大一号的连帽卫衣和牛仔裤，一张小脸藏得严严实实。', '大家都以为她丑得吓人，哪想一朝露了脸，却惊为天人地漂亮。', '很快小美人全校闻名，正值青春期的男生们忍不住议论：', '“嚯，那就是新来的苏邈邈吧？”', '“跟个瓷娃娃似的，皮肤白得像雪！”', '男生们聊得热火朝天，不知道谁注意到了墙角懒散站着的少年。', '“彦哥，你见那小美人没？”', '有人发笑，“彦哥哪能注意那种小怪胎？”', '商彦没说话，漫不经心地瞥一眼，轻嗤了声。', '几个月后。', '当着全班学生的面，商彦把惊住的小姑娘挡在了课桌前。', '他低下头，勾起个痞气的笑——', '“你求我一句，我放你出去。”', '“……”', '“两句，我今后归你。”', '【IT大魔王x先心病小“怪胎”】', '“我有千般不驯，只为你妥协。”', '【注】', '1.彦哥学习超棒（除了语文）', '2.邈邈先天性心脏病，后期会做手术', '3.但这是超甜的文，不甜你们打我', '4.前期涉及计算机比赛，后期涉及数据分析团队创立，无原型', '*', '作者专栏欢迎收藏~', '追完连载的宝贝们可以康康蛐的其他完结文：', '[娱乐圈]《吻痣》（鬼才歌手&演技派小女星）', '[AI]《别哭》（温柔恬静小盲女 x 傲娇AI科技大神）', '[校园]《他那么撩》（学渣校草&小才女）', '[风投]《咬痕》（疯子&洋娃娃）', '[重生校园]《总有偏执狂想独占我》（偏执狂&小女神）']",天之骄子 业界精英 甜文 校园,主角：商彦&苏邈邈 ┃ 配角：商娴&薄屹，吴泓博，栾文泽，文素素，舒薇，厉哲等 ┃ 其它：,IT大魔王x先心病小“怪胎”
砸锅卖铁去上学,红刺北,http://www.jjwxc.net/onebook.php?novelid=4737103,原创-言情-幻想未来-爱情,女主,轻松,未来,完结,1134757字,"['【正版阅读在晋江文学城～】', '昔日顶级工程师卫三穿成星际失学儿童，靠着捡垃圾变废为宝，终于赶在开学季攒了一笔钱，立刻要去报名上学。', '她打算将来成为一个机甲师，据说特别赚钱，还和自己本行息息相关，计划通√', '万万没想到因为贪学费便宜，卫三报错了专业，成了一名机甲单兵——那种成天刀口舔血的暴力狂', '卫·文静·贫穷·工程师：“……”', '但环境不能使她屈服，卫三决定以后趁空闲时间自学成才。', '某大赛训练期，有媒体依次采访拍摄各校单兵，全星网直播，观众可以看见所有人都在拼命训练，重力加压、贴身肉搏、远战纠缠等等。', '【YY近战太强了吧，那把光刀一出，谁敢近身！】', '【ww那手鞭子甩得绝了，牛逼！！！】', '随后录到卫三，她盘腿坐在训练大厅，正低头聚精会神捧着一本书看。', '【那个卫三在看什么？】', '镜头拉近，卫三手中书的封面顿时被全星网看得一清二楚：《青飞教您二十一天成为机甲师》', '观众：……', '这书名一听就不是正经人看的。', '第二天星网头条：某军校生训练期间不堪重负，精神失常，试图转行。', '我的预收文：《将错就错》欢迎收藏', '文案： 半年前程琉交了一个男朋友，可惜她工作太忙，需要到处跑，除了能给钱，根本没时间陪男友，导致男友在电话内抱怨他们感情淡了。', '程琉：好像感情没那么浓吧？', '不过为了培养这段感情（维持非单身狗身份），程琉还是决定提前回来，并在微信中暗示自己什么时候回来，自认为对方能明白。', '到飞机落地那天，程琉在出口扫了一圈，果然在人群中见到长身玉立的大帅哥。', '没错了，一定是她男朋友。就是这么长时间没见，感觉更好看了，站在人群中整个人好看的能发光。', '程琉上前，接过他手中的铃兰花：“回去了。”', '……', '半个月后，程琉带着男朋友去买订婚戒指，路上撞见一对亲亲热热的男女，对方见到她一慌，瞬间松开女方的手，随后质问她：原来大半年不出现，是劈了腿。', '当事人程琉：“？？？”', '我的微博：天天赤脚']",女强 机甲 未来架空 爽文,主角：卫三、应星决（男主） ┃ 配角： ┃ 其它：,生活不易，多才多艺
暗格里的秘密,耳东兔子,http://www.jjwxc.net/onebook.php?novelid=2697774,原创-言情-近代现代-爱情,女主,正剧,青梅竹马之 暗恋,完结,329191字,"['1、年少时的爱，像风，看不见，却感受的到；', '就像刻在桌板上的名字，怕你看见，又怕你看不见。', '——节选自《小怪兽日记》', '我们半世相逢，依旧少年如风。', '6月25日晚八点开更。', '7月13日入v', '考究党慎入！！！', '一篇很平淡的小甜文，嗯。', '“彼方尚有荣光在。”', '——这句话是出自一部日本的漫画《Fate/Zero》']",都市情缘 校园,主角：丁羡、周斯越 ┃ 配角：蒋沉、杨纯子、孔莎迪、宋子琪、苏柏从 ┃ 其它：校园文,"拽痞注孤生VS伪善少女
 当当 京东"
等风热吻你,唧唧的猫,http://www.jjwxc.net/onebook.php?novelid=3173198,原创-言情-近代现代-爱情,女主,轻松,临市一中,完结,181853字,"['下一本写《温柔有九分》', '-见过你的眼睛，我再也没看过星光。', '-尝过你的味道，我没打算活着回来。', '第一次尝到刀尖上舔蜜的滋味。', '是从初中那年，许星纯喜欢上她的那天起。', '外冷内骚x没心没肺', '破镜重圆']",都市情缘,主角：付雪梨 ┃ 配角：许星纯 ┃ 其它：,他比世界更荒谬
错撩,翘摇,http://www.jjwxc.net/onebook.php?novelid=4399698,原创-言情-近代现代-爱情,女主,轻松,已完结,完结,308961字,"['【本文实体书已上市，新增万字番外，各大电商平台可购。】', '【下本开《她来听我的演唱会》，点进专栏可收藏~】', '郑书意前男友劈腿，第三者的小舅舅开劳斯莱斯幻影，连车牌号都是嚣张的连号。', '分手几天后，郑书意意外看见了那辆连号的劳斯莱斯幻影。', '想到渣男和白莲花双宿双飞，她就意难平。', '想少奋斗二十年？做梦。', '还想跟我做亲人？可以，那我就来做你们的小舅妈。让你在谄媚的时候也要对我恭恭敬敬。', '那一刻，郑书意不知道哪里来的自信，笑意盈盈地敲了敲劳斯莱斯幻影的后座车窗。', '车窗缓缓摇下，年轻男人望了过来，眼镜后的双眼深邃迷人。', '郑书意内心震了一下：这白莲花长得不怎么样，小舅舅居然这么帅？', '几个月后，郑书意挽着男人的手，亲昵地坐进劳斯莱斯后座，看见不远处的白莲花和渣男，朝他们勾勾手指，表情嚣张跋扈。', '“见到长辈不过来打个招呼吗？”', '白莲花面如土色，慢慢挪过来，朝着前排司机喊了一声“小舅舅”', '郑书意：“……？”', '#我费尽心思结果撩错人了？#', '#旁边这位先生不好意思我们现在不认识了你先放开我啊！#', '*嗲精VS霸总', '*狗血酸爽，不求逻辑。']",励志人生,主角：郑书意，时宴 ┃ 配角：秦时月 ┃ 其它：,男主每天分享一个单身小技巧
顶流夫妇有点甜,图样先森,http://www.jjwxc.net/onebook.php?novelid=4912351,原创-言情-近代现代-爱情,女主,轻松,写完了，它就是历史了,完结,477763字,"['【下本开《你是不是想赖账》，求个预收~】', '某乎热议话题：「温荔和宋砚为什么这么多CP粉？」', '题主补充：明明结婚两年既无影视合作又无综艺同框，也没见社交软件互动过几次，娱乐圈公认的协议夫妻，连恩爱都懒得演的那种。巨迷惑为什么会有这么多CP粉，我发誓我不是黑。', '热门回答：「CP粉不请自来。给题主明说吧，他们互动确实不多，糖都是从显微镜里扣出来的。但是——', '1.论颜值，双神颜。我家三力还是小新人的时候就有人YY过这两个人同框会是什么样，后来世纪同框图大爆出圈，黑天鹅x白月光，大批类似人设的娱乐圈代餐文迅速崛起', '2.论咖位，双一线。各种意义上来说的强强了吧？', '3.圈内神仙太太超多，同人文同人图同人剪辑吃粮吃到撑，想退坑都舍不得', '综上所述，任路人如何说他们塑料，只要一天不官宣离婚，我们就还磕得动！」', '-', '某日温荔被特邀录制某爱豆综艺，镜头前大跳清纯元气女团舞', '正好撞上宋砚被正在合约期的夫妻综艺节目组安排过来探班，两个人隔着舞台对视了个正着', '“……”', '爱豆节目录制过后，温荔生无可恋地解释：“我不是装嫩，是他们非逼我跳的。”', '宋砚慢条斯理说：“原来你会跳舞，明明当时对我的请求宁死不从。”', '温荔突然瞪眼：“可是你当时让我跳的是脱——”', '之后节目为通过审核，小剧场到此为止，并将温荔的话无情消音', '#咦，我怎么自动变黄了##是我想的脱那啥舞吗##有本事你别消音啊##节目组你没有心##多说点，我们单身狗就爱听这个#', '某乎题主问题补充：「谢谢各位，不用回答了，已经在坑底了，真香」', '***', '【重点：没有原型！谁都没有！我發誓！】', '【排雷：大量饭圈评论粉丝弹幕，不爱看这个的慎入】', '1傲娇毒舌黑天鹅x腹黑忠犬白月光', '2.玛丽苏/杰克苏/饭圈日常/协议结婚/老套人设老套梗没啥新意/所有角色无原型纯YY', '3.三次元磕CP有BE风险，所以自己产粮自己磕！', '文艺的故事梗概：', '-我曾纤尘不染，可是后来满身泥泞，而你始终明艳娇贵，令人流连', '-你实在太耀眼，扰我清梦，于是我决定从泥泞中爬起来，再将你折下', '-', '预收《你是不是想赖账》文案：', '盛柠有个同父异母的妹妹，处处都不如她', '但唯有一点比盛柠好，性格小白花，天真又乐观', '用直男癌的话来总结就是：比起盛柠这种性格独立又强势的漂亮女人，她妹虽然各方面条件差了一点，但性格更软，更适合娶回家做贤妻良母。', '果不其然，妹妹泡上了某个富二代小开', '盛柠：呵，男人', '富二代爱她妹妹爱得死去活来，无论家人怎么威逼利诱都没用，两个人就差没私奔', '没办法，富二代的哥哥温衍找上了盛柠', '比起富二代的恋爱脑，温衍作为家族企业第一继承人，是典型的资本家个性，性格强势果断、城府极深、嫌贫爱富、眼高于顶，非常看不起她妹这种娇软小白花', '温衍言语冷静：“还希望盛小姐帮忙，劝导令妹实际一点，放弃她的豪门梦。”', '盛柠沉默片刻，问：“那我有什么好处吗？”', '温衍：呵，女人', '于是王子的恶毒哥哥和灰姑娘的恶毒姐姐一拍即合', '***', '拿钱办事，盛柠一直兢兢业业地扮演着她的恶毒姐姐', '演到中途，她发现资本家竟然开始划水了', '说好的参加晚宴拆散小情侣，结果晚宴现场小情侣人影都没见着，她稀里糊涂被资本家拉着跳了支华尔兹', '再比如破坏小情侣的烛光晚餐，结果餐厅被包了下来，小情侣被挡在餐厅门口，她莫名其妙陪资本家吃了顿烛光晚餐', '盛柠语气不爽：你是不是想赖账不给钱？', '资本家的语气比她还不爽：你是不是傻？', '【小剧场】', '一开始，富二代求着哥哥，请他成全自己和女朋友的婚事', '哥哥冷笑：想跟她在一起，你先从这个家滚出去', '后来，哥哥腆着一张老脸开始追他女朋友的姐姐', '富二代：哥，你什么时候从这个家滚出去？', '哥哥：……']",天之骄子 业界精英 甜文,主角：温荔 ┃ 配角： ┃ 其它：,入坑吗姐妹
穿成短命白月光后，和反派HE了,青花燃,http://www.jjwxc.net/onebook.php?novelid=4264815,原创-言情-架空历史-奇幻,女主,轻松,2019-2020,完结,646746字,"['新文《她和白月光男神HE[重生]》已开', '桑远远穿进一本古早玄幻虐恋小说里，成了男主那个红颜薄命的早逝白月光。', '男主爱她，男配们也爱她。', '女主因为长了一张酷似她的脸，被众男又爱又虐又踩，伤身又伤心。和男主的感情更是波折重重狗血不断，虐得死去活来，结局还能幸福HE。', '桑远远：“不好意思本人一不想死二受不得虐，所以我选择跟反派走。打扰，告辞。”', '反派长眸微眯，姿态慵懒，唇角笑意如春风般和煦——', '“我的身边……可是地狱呢。”', '她沉思三秒。', '“地狱有土吗？”', '“……有腐地。”', '“有水吗？”', '“……只有血。”', '他想看她惊惶失措，想等她尖叫逃离，不料女子呆滞三秒之后，双眼竟然隐隐放光——', '“正好试试新品种！”', '“……”', '他在最深沉的黑暗中苟延残喘，从来也没想到，竟有一个人，能把花草种满一片荒芜。', '木系治愈伪仙女X暴戾冷血大魔王', '#读者宝贝们千万千万不要在别的太太文下提我和我的文哈#', '超多完结文戳专栏——', '《女妖魔成年后超凶》萌啾x大魔王', '《男主醒醒你是女主的》恶毒女配被男主宠上天', '《这该死的修罗场》复仇少女x清冷仙尊', '《与黑暗神互换身体后》超级可爱的毛线团x傲娇黑暗神', '《偏执暴君今天病更重了》妖后x昏君', '《和离前夜，她变成了蘑菇》机智蘑菇x霸总道君', '《太子殿下，您才是替身啊》点击就看星际大男主疯狂自我攻略']",情有独钟 女配 甜文 穿书,主角：桑远远，幽无命 ┃ 配角：韩少陵，梦无忧，桑青灵，幽盈月，桑家老小 ┃ 其它：狗血穿书小甜文？,短命白月光，攻略大魔王
不断作死后我成了白月光,纪婴,http://www.jjwxc.net/onebook.php?novelid=4682400,原创-言情-架空历史-仙侠,女主,轻松,完结可食用,完结,780000字,"['［完结啦，app右下角求五星好评，鞠躬］', '［实体正在筹备，尚未正式出版，大家不要买到盗版啦！进度在@晋江纪婴］', '【文案】', '穿进男频修仙文后，宁宁本想兢兢业业走剧情，却发现这个世界不太对劲。', '师门之内，师兄靠左脚蹬右脚上天，师姐卖宗门长老同人本赚钱，师尊穷到令人发指，每天喝八十二年前的白开。', '师门之外，佛修苦练功法，念经如同唱rap，嘴皮子能冒火花；剑修爱剑如老婆，争当花魁养妻糊口，爱情故事感天动地；乐修拿寺庙梵钟做武器，最擅长抡着钟杵敲人。', '宁宁：……', '没救了，毁灭吧，修真界迟早要完。', '*', '宁宁穿成了修仙文里的恶毒小师妹。', '要想活命，必须按照原剧情不断作死。', '攻略对象一：光风霁月大师兄', '师兄天生剑骨、修为卓绝，宁宁约其深夜私会，得来对方浅笑颔首：“想学一些…你这个年纪以外的事情吗？”', '于是夜色深沉，大师兄捎来一整套超高难度剑法秘籍，宁宁被迫苦练整晚，累成瘫狗，心如死灰。', '攻略对象二：清冷病美人长老', '长老在大战中修为尽毁，独自居于山间静养。', '趁他抚琴，宁宁本欲上前捣乱，不料闻见毒花，动弹不得、剧痛难忍，迎风漱漱掉眼泪。', '长老瞥见泪光，只觉偶遇知音，她愈哭他愈欢，就差弹首普天同庆《好运来》。', '攻略对象三：恣睢孤僻小师弟', '身为原文男主的师弟出身贫苦、血脉不纯，在门派受尽歧视，被欺负得遍体鳞伤。', '宁宁一把摔碎他疗伤用的仙泉，结果泉水早被人换成腐蚀性剧毒，溅了她满腿。', '少年垂眸蹲下，轻拂过女孩小腿上的血痕：“为何帮我？”', '当剧情走向了奇怪的地方后。', '向来阴鸷的少年埋首于她颈窝，声线哽咽之下，藏匿有极致的臣服与渴求。', '“…别丢下我。”', '【阅读指北】', '1.1v1，男主裴寂，不是修罗场万人迷文嗷！', '2.爆笑沙雕文，沙雕文，沙雕文，真的很沙雕求别杠T T', '【预收一】', '《修真界第一幼崽》', '秦萝穿成了修真文里娇纵跋扈、命不久矣的剑圣之女，受天道影响，能看见每个人物的角色设定。', '七岁的秦萝又小又呆，面对天道的一万个不放心，细声细气：“我、我会努力长命百岁的！”', '天道痛心疾首：“傻崽，在修真界，你那叫早夭。”', '于是秦萝开始在宗门里苟命。', '小师姐本是个乐感出众的美人胚子，却因身中无名剧毒，貌毁耳聋，饱受欺凌耻笑。', '当她心魔缠身、煞气遍体之际，猝不及防被秦萝喂下一粒丹丸，久久空寂无声的耳畔，传来一道稚嫩童音：“小师姐，以后我能给你唱歌啦。”', '自卑怯懦、家境贫寒的结巴男孩剑体天成，却遭到继父虐待，手骨断裂、泯然众人。', '秦萝为他涂上最好的药，挺着胸脯信誓旦旦：“你以后一定能成为保护所有人的大英雄。在那之前，我先来保护你吧。”', '秦楼提前结束闭关，得知自己多了个嚣张蛮横的亲妹妹，罪行多到数也数不清，堪称修真界第一臭小鬼。', '他满宗门闲逛，遇见一个在厨房忙活的小萝卜丁。', '“这是送给哥哥的奶油蛋糕。”', '萝卜丁朝他咧嘴笑，眼里像有小星星：“我哥哥叫秦楼，听说他可厉害啦。”', '秦楼：…', '糟糕，好像有什么东西戳在了心口上。', '【预收二】《修真界为何如此有病》', '*', '这个修真界被各路游戏玩家穿成了筛子。', '恋爱、烹饪、格斗、经营，而游戏技能居然全部可用。', '谢星摇成了注定被人渣们虐身虐心的小白花女主角，惨遭男主背叛，被丢弃在九死一生的埋骨之地。', '面对汹涌而来的魔潮，她面无表情，从武器库里拿出几颗手榴弹，和一把崭新的AK-47。', '反派们：汝娘也，这要我们怎么玩？', '*', '入夜，几道人影坐在高高的骨灰旁边，听大家讲那过去的事情。', '谢星摇：“说说吧，都绑了什么系统？”', '魔尊身披一件高定西装：“《奇迹冷冷》。”', '仙门圣女骑着汗血宝马一路狂奔：“家人们！看我宝马漂移弯道超车！双击六六六！”', '大师兄奶声奶气，眼中闪烁着三岁半的智慧光芒：“《我爱做饭饭》。”', '二师兄仰天长啸：“我的物理学！我的牛顿三大定律！这不科学！不！不！不！”', '“我只是帮妹妹点了个《电眼美少女》的选项，为什么会变成这样？”', '佛门第一人泪眼汪汪：“你呢？”', '谢星摇：……', '谢星摇：“《一起打鬼子》。”']",仙侠修真 甜文 穿书 爽文,主角：宁宁 ┃ 配角：《修真界为何如此有病》求预收～ ┃ 其它：,沙雕女配，在线作死。
可爱多少钱一斤,栖见,http://www.jjwxc.net/onebook.php?novelid=1768376,原创-言情-近代现代-爱情,女主,正剧,完结了好开心之 二世祖,完结,336134字,"['【实体书已出版，当当等平台均有销售ww微博@栖见吗】', '陆嘉珩二十年来一直觉得，这个世界上没有什么是钱解决不了的，如果解决不了，那说明钱不够多。', '直到他遇见了初栀。', '男人一双桃花眼开成扇，眼神暧昧的推给她一张卡，暗示意味非常明显。', '初栀乖巧接过来。', '她太感动了，从记事起到现在，第一次有人给她钱，她觉得自己也应该回礼：“我家市中心的房子要动迁了，要么送你一套吧？”', '陆嘉珩没说话。', '初栀以为他不好意思收，软声继续道：“没事，你别不好意思呀，我家还有好多套呢。”', '陆嘉珩：“……”', '*', '美人小软妹x垃圾二世祖', '女主软，女主甜，女主她坚定勇敢，执着善良，并且甜。', '男主么，好像也不算太垃圾。', '陆少爷：这也太他妈可爱了，过来让老子抱抱。', '《说好的钱是万能的呢为啥到她这儿屁用没有了》《走开你们这些该死的臭钱》《这文文案是我瞎写的你们别信》']",都市情缘 励志人生,主角：初栀，陆嘉珩 ┃ 配角： ┃ 其它：,这也太他妈可爱了过来让老子抱抱
长风渡,墨书白,http://www.jjwxc.net/onebook.php?novelid=3415053,原创-言情-架空历史-爱情,女主,正剧,完结,完结,978111字,"['（曾用名：嫁纨绔）', '【PS：本文正在参加年度最受欢迎投票，求大家用营养液or霸王票为我投一票呀谢谢（只要在本文下投霸王票或者营养液都算投票）】', '【正文已完结，不定时掉落番外】', '柳玉茹为了嫁给一个好夫婿，当了十五年的模范闺秀，却在订婚前夕，被逼嫁给了名满扬州的纨绔顾九思。', '嫁了这么一人，算是毁了这辈子，', '尤其是嫁过去之后才知道，这人也是被逼娶的她。', '柳玉茹心死如灰，把自己关在房间里三天后，她悟了。', '嫁了这样的纨绔，还当什么闺秀。', '于是成婚第三天，这位出了名温婉的闺秀抖着手、提着刀、用尽毕生勇气上了青楼，', '同烂醉如泥的顾九思说了一句——', '起来。', '之后顾九思一生大起大落，', '从落魄纨绔到官居一品，都是这女人站在他身边，', '用娇弱又单薄的身子扶着他，同他说：“起来。”', '于是哪怕他被人碎骨削肉，也要从泥泞中挣扎而起，咬牙背起她，走过这一生。', '而对于柳玉茹而言，前十五年，她以为活着是为了找个好男人。', '直到遇见顾九思，她才明白，一个好的男人会让你知道，你活着，你只是为了你自己。', '——愿以此身血肉遮风挡雨，护她衣裙无尘，鬓角无霜。', '#愿我如长风，渡君行万里#', '下本古言预收《剑寻千山》：', '花向晚东渡云莱时，师父告诉她，', '因功法相合，为快速进阶，务必拐一位天剑宗的道君回西境。但必须记得，只能拐多情剑，不能找问心剑。', '因为修问心剑的道君，虽强但蠢，不懂爱恨。', '可偏偏来到云莱的第一眼，她看到的就是修问心剑的谢长寂。', '她如飞蛾扑火，明知谢长寂不染红尘，还是为他出生入死，无悔付出。', '可直到他们成了真正的夫妻，她筋脉尽毁，鲜血淋漓，他也只会哑声和她说“抱歉”', '于是她当着他的面自刎脱身，毁了那个叫“晚晚”的身份，重新当回她快活的合欢宫少主。', '留谢长寂于死生之界独守孤坟，一别两百年。', '两百年后，西境魔主病危，三宫宫变，', '为稳定局势，快速进阶，花向晚不得已再回云莱，向天剑宗求亲。', '众人都说花向晚是死马当活马医，天剑宗不可能让她带一个太强的道君回西境，她那颗半毁的金丹也不可能让她提升太多修为。', '结果等到成亲那一日，', '所有人都得了消息——', '云莱最强战力谢长寂从死生之界出关，破心转道，修多情剑，入主合欢宫！', '消息一出，', '围在合欢宫门口的敌军慌忙撤退，', '花向晚的老情人们四处奔逃，', '就连花向晚自己，也在新婚当夜，连夜扛着坐骑跑了。']",强强 宫廷侯爵 欢喜冤家 天作之合,主角：柳玉茹，顾九思 ┃ 配角： ┃ 其它：,纨绔夫君变男神
娱乐圈是我的[重生],春刀寒,http://www.jjwxc.net/onebook.php?novelid=4177857,原创-言情-近代现代-爱情,女主,轻松,写完啦,完结,628822字,"['【文案始于2018年，详见微博】', '许摘星的爱豆岑风是娱乐圈冉冉升起的新星', '她坚信爱豆的光芒有一天会被所有人看见', '可她没能等到那一天', '岑风因抑郁症在家自杀', '直到死后，他所遭遇的不公才被爆料出来', '原来他是被收养的孤儿，原来他的生父是杀人犯', '原来他再不碰钢琴是因为小手指是被队友故意踩断', '原来他被队内霸凌，得罪高层，导致资源被瓜分', '……', '原来她捧在手心都怕碎了的宝贝，被人这样践踏，遍体鳞伤', '半年后许摘星因车祸重生，这一年，她高一', '距离岑风自杀，还有十年', '我用这十年，为你铺一条康庄大道', '所有伤害过你的人，永远不会出现在你面前', '哥哥，这一次，一起走花路吧', '——————————', '因抑郁症自杀的岑风，重生到了十年前', '重活一世，他终于明白曾经那些希望有多可笑', '在未来等待他的，从来都不是鲜花和美好', '他撕下伪装，丢掉人设，只等合约到期远离这个虚伪的名利场', '经纪人：岑风！公司让你C位出道！', '岑风！有个大型综艺邀请你当常驻嘉宾！', '岑风！张导的新戏点名要你演男主角！', '岑风！这些顶奢广告你想接哪一个随便挑！', '岑风：？？？', '这些资源都他妈哪来的？', '我欲乘风，奈何人间多淤泥，你是唯一岛屿', '【双重生，救赎与被救赎，前期主事业】', '【生死看淡不想营业的冷漠爱豆X哥哥值得最好的我要把所有资源都给哥哥的大佬粉丝】', '——“哥哥”是粉圈粉丝对爱豆的统称，无血缘', '——没有原型，拒绝代入', '——微博@春刀寒', '-------------------', '预收文《负相思》，欢迎收藏', '相思从小孤苦无依，没有修仙的灵根', '好不容易在妖魔横行的修仙世界顽强长大，眼看就要过上好日子了', '灵魂突然被拘到了另一具身体内', '体内残魂看着精神不大正常，疯疯癫癫地大喊：“我已在夙北斗体内种下情蛊！只要他爱上你，情蛊就会发作！届时你二人性命相绑，你死他死，你亡他亡！情蛊一旦发作，他必受碎骨断筋之痛！你要让他爱上你，将他折磨致死，最后自杀取他性命！”', '相思：？？？什么仇什么怨', '残魂喊完就嗝屁了，相思成了这具身体的新主人', '傅相思，归元宗掌门之女，修仙界的天之骄女', '而人人都知道，归元宗一年前就被魔界的新魔君屠了满门，傅相思更是沦为阶下囚，备受折磨', '听说那魔头疯起来连自己都砍，食人饮血，凶残暴戾', '修仙界人人自危，谈之色变', '相思：所以一觉睡醒，我多了个大魔头仇人？我被囚禁了？我还给他下毒了？', '报仇是不可能报仇的，修真界的爱恨情仇跟她一个废物凡人有什么关系！', '相思只想远离疯批，认真苟活', '如果有一天能感化魔头，放她回到人界的小茅屋，那就更好了！', '而大魔头看着在自己埋尸的殿院上种菜的女人陷入了沉思', '【相思没想过夙北斗会爱上自己', '所以她也没想到，在她用忘忧让他忘记自己后，夙北斗会变成一个彻底失去理智的疯子', '疯到覆灭人界，疯到杀了她】', '疯批大魔头X社交牛逼症小太阳', '前期甜，中期虐，后期糖中带刀，HE']",娱乐圈 重生 甜文 爽文,主角：许摘星 ┃ 配角：岑风 ┃ 其它：春刀寒,"我是你的
 当当 京东"
我就是这般女子,月下蝶影,http://www.jjwxc.net/onebook.php?novelid=2973352,原创-言情-架空历史-爱情,女主,轻松,原创言情,完结,685380字,"['蠢萌好运爹，彪悍护短娘，纨绔弟弟要上房。', '被退婚三次心不慌。', '美华服，金横梁。', '有钱有权谁还稀罕郎？', '这是一个被退婚三次的艳俗女主跟伪君子男主的故事。', '本文轻松风，架空向，甜爽文，感兴趣的客官里边请。', '新文《皇城有宝珠》，欢迎大家收看（皇城有三宝：我√我老公√我婆婆√）']",宫廷侯爵 欢喜冤家 甜文 爽文,主角：班婳 ┃ 配角：容瑕班淮阴氏班恒 ┃ 其它：,我爱美食华服，但我是好女人
奶油味暗恋,竹已,http://www.jjwxc.net/onebook.php?novelid=3311357,原创-言情-近代现代-爱情,女主,轻松,攒一袋糖,完结,313115字,"['※实体书已出版上市，各平台均有售=v=', '※改编剧名《全世界最好的你》，于优酷平台.独播。', '前一天林兮迟和许放吵架冷战，发誓谁也不和谁说话。', '第二天，林兮迟心事重重地打开家门。', '一眼就注意到靠站在门旁小角落的许放。', '听到动静，许放望了过来，安安静静地看着她。沉默了几秒后，他忽然生硬地冒出了句：', '“我失忆了。”', '林兮迟咽了咽口水，点点头，小心翼翼地接了他的茬：“却还记得我是你的爸爸。”', '许放：“……”', '*吹水佬x臭脾气', '*青梅竹马/互怼/大概就是一对每天都想着怎么坑死对方的主角:-D', '微博@小竹已']",情有独钟 欢喜冤家 青梅竹马,主角：林兮迟，许放 ┃ 配角： ┃ 其它：,"你是我唯一的选择
 当当 京东"
职业替身，时薪十万,渊爻,http://www.jjwxc.net/onebook.php?novelid=5142355,原创-言情-近代现代-爱情,女主,轻松,完工记录【幻言】,完结,383621字,"['【简体、漫画已签，进度@渊爻（yao）】', '纪繁音一穿越就得知自己是个替身——替的是她的双胞胎妹妹纪欣欣。', '纪繁音：当替身可以，但这是另外的价格。我的收费表请您……您几位确认一下，需要排档期，恕不接受随叫随到服务，卖艺不卖身，谢谢合作。', '西餐厅里，贵公子深情款款：“欣欣，明天晚上我想约你去看电影……”', '闹钟响起。', '纪繁音一看手机，收起营业微笑：“不好意思到点了，我得赶场，记得结账，告辞。”', '贵公子微笑一僵：“我预约明天的电影时间，四个小时，独家。”', '半夜三更，暴躁少年酒醉拨通电话：“姐姐，你什么时候才回来看我？”', '纪繁音：“为了保证服务质量，本次通话已经开启录音。现在是凌晨四点，替身服务收费为平日十倍，请问确认吗？”', '暴躁少年：“……确认行了吧！快给我装！”', '和霸总东京塔顶约会时，纪繁音的手机响了。', '她面带微笑地拒接来电：“抱歉，是别的客户。”', '霸总：“……我出十倍，你把手机关了。”', '……', '纪欣欣终于回国时，纪繁音带着巨额财富功成身退：坏女人永远不会受伤！', '注意事项：', '1.女主是个莫得感情的赚钱机器+演技帝，走银行账户不走心不走肾。', '2.正文专注回家，番外CP陈云盛。', '3.谁渣谁不渣的问题，请看本文立意。']",豪门世家 穿书 爽文 复仇虐渣,主角：纪繁音 ┃ 配角： ┃ 其它：,按时收费童叟无欺
知否？知否？应是绿肥红瘦,关心则乱,http://www.jjwxc.net/onebook.php?novelid=931329,原创-言情-架空历史-传奇,女主,未知,无从属系列,完结,1375034字,"['星汉灿烂，幸甚至哉', '【文案无能】', '一个消极怠工的古代庶女，生活如此艰难，何必卖力奋斗。', '古代贵族女子的人生基调是由家族决定的，还流行株连，一个飞来横祸就会彻底遭殃，要活好活顺活出尊严，明兰表示，鸭梨很大。', '古代太危险了，咱们还是睡死算了。', '好吧，我其实是有微博的，不过以前是用来看八卦的，根本不打算让大家只奥的，免得让大家发现某关是个趣味如此低下的银。应编编要求，现在公开，是渣浪上的‘关心则乱zszy’，大家包涵。']",穿越时空,主角：盛明兰（姚依依） ┃ 配角：家长里短一干人等 ┃ 其它：出身，婚嫁，,古代庶女的消极怠工人生
无污染、无公害,priest,http://www.jjwxc.net/onebook.php?novelid=3495730,原创-言情-近代现代-爱情,不明,轻松,全年龄&言情之 处暑,完结,471753字,"['“我小时候写作文，最后一句常常是‘我立志，要做一个对社会有用的人’，一个学期平均立二三十次志吧，很不走心。”', '“长大以后才发现，做一个对社会无害的人，已经是我这辈子最大的成就了。”', '武林盟主因熬夜加班爆肝，正在闹情绪，并拒绝组织新一年度的武林大会。', '上一任丐帮帮主的后人是个剁手购物狂，踏雪无痕的“堂前燕”出了个重度社恐猥琐死宅……', '大环境江河日下，只有魔教教众保持了初心——他们依然每天喊口号，努力推销黑作坊保健品，兢兢业业地扰乱着社会治安。', '而以上江湖中人，无论正邪，一个能打的也没有。', '快意恩仇、白马啸西风？不存在的，大家还得还信用卡还房贷呢。', '“茴香豆”的“茴”有四种写法，而“丧”，有五个层次。', '都市武侠，轻松扯淡文（爱信不信）。', '又及，本故事纯属虚构，危险动作，请勿模仿。', '中午11:00日更，3月25日开始', '鸣谢微博上绿老师做的封面=w=', '4月16日 第二十二章开始VIP，当日三更，长评送分，感谢支持正版~']",幻想空间 都市情缘 江湖恩怨 三教九流,主角：甘卿，喻兰川 ┃ 配角：韩东升，闫皓，杨逸凡，于严 ┃ 其它：,我立志做一个对社会无害的人
深情眼,耳东兔子,http://www.jjwxc.net/onebook.php?novelid=3980031,原创-言情-近代现代-爱情,女主,轻松,2021之 银河,完结,373701字,"['叶濛北漂结束，回老家闪婚，谁知道，结婚当晚，叶濛又北上。', '男方连发十条朋友圈，在家开单身party。', '叶濛眼不见为净，拉黑了，任他作天作地。', '为了逼叶濛回y城，这位哥什么招数都用过，离婚证，绝症病危通知书等等。', '然而叶濛丝毫不为所动，在北京混得风生水起。', '朋友圈1：好铁石心肠一女的。', '朋友圈2：今天这位哥北上了吗？', '在小镇吊着一口仙气的丧家犬VS在大城市拼搏的反杀黑天鹅', '排雷：姐弟婚，不太正经。', '1月16日入v']",因缘邂逅 业界精英,主角：叶濛，李靳屿 ┃ 配角： ┃ 其它：,丧家犬&反杀黑天鹅
尖叫女王,银发死鱼眼,http://www.jjwxc.net/onebook.php?novelid=3882321,衍生-言情-近代现代-其他衍生,女主,爆笑,已完结,完结,2481412字,"['祝央知道自己明天会死于女鬼索命，临死前夜买醉狂欢。', '第二天醒来，脑子因为醉酒断片，家里一片狼藉，电视机里卡着个往外钻了一半的女鬼。', '女鬼已经死了！', '猪朋狗友们纷纷控诉她是怎么惨无人道的将女鬼摧残致死。', '祝央:我不是！我没有！别乱说！我是娇花一样的柔弱女子，碰到可怕的事只会尖叫。', '对此，以为弄死这家伙手到擒来却被反杀的女鬼，表示有话要讲。', '围脖：银发死鱼眼2016']",恐怖 无限流 打脸 爽文,主角：祝央 ┃ 配角：路休辞 ┃ 其它：各种各样,惊声尖笑
第二十八年春,耳东兔子,http://www.jjwxc.net/onebook.php?novelid=3002507,原创-言情-近代现代-爱情,女主,正剧,青梅竹马之 空军,完结,408625字,"['第二十八年春', '平淡慢热，不喜勿入。', '4月5日入v。', '谢绝任何形式扒榜', '←求包养，淘我的更多作品哦', '出版名更为《第二十八年春》上下两部。']",都市情缘 情有独钟 制服情缘 业界精英,主角：陆怀征，于好 ┃ 配角：牛鬼蛇神 ┃ 其它：杂七杂八,
从此男主改拿绿茶剧本,银发死鱼眼,http://www.jjwxc.net/onebook.php?novelid=4778835,衍生-言情-架空历史-东方衍生,女主,爆笑,已完结,完结,1430605字,"['裴凉绑定了炮灰奋斗系统，任务是挤走女主自己上位，收割一众原本该倾心于女主的男人。', '可裴凉每次进入任务世界就一心搞钱，赚得盆满钵满。', '系统：警告，您已偏离任务20%； 偏离任务50%； 偏离任务90%', '剧情即将结束，您攻略失败的可能性99%，准备抹杀——等等，你怎么成功了？', '影帝男主：顶级制作，数亿投资，本世纪封神导演执导的电影合同，我接过她的橄榄枝不过份吧？', '总裁男主：千亿订单，庞大市场，吞下公司就更上一层楼，我出卖下色相又怎么了？', '新帝男主：先帝昏聩无道，兄弟狼子野心，为了登上皇位，不就是馋我美貌吗？让她如愿以偿又如何？', '众男主：一开始我们也想拒绝并大声谴责她，但她给的实在太多了。', '系统：……姐姐我也不想努力了。']",天之骄子 穿越时空 系统 古典名著,主角：裴凉 ┃ 配角： ┃ 其它：,姐姐我也不想努力了
三分野,耳东兔子,http://www.jjwxc.net/onebook.php?novelid=3583628,原创-言情-近代现代-爱情,女主,轻松,青梅竹马之 科技,完结,427647字,"['1、向园如果知道后来她跟徐燕时会再重逢，并且还不可救药地爱上他。', '那么当初一定牢牢守住自己的节操，绝对不会当着他的面——', '一个接一个的换男朋友。', '2、后来有人问：“徐燕时，你这样做值不值？”', '他那时姿态慵懒地靠坐在公园的长椅上，一只胳膊挂在椅背上，另只手边拎了瓶啤酒，眼底情绪未名，却令人无限惆怅，他慢慢仰头灌了口，眼神却紧紧盯着不远处灯火通明的大楼：“小时候大人们常说，这个世界是美好，可我发现这个世界并不如我想象中那么美好时，我没想过要怎么去匡正。我只想送她一个，我认为的理想世界。”', '闷骚毒舌高冷慵懒X甜美可爱人见人爱', '更新时间：看文案', '轻松沙雕文。考据党勿入。', '谢绝任何形式扒榜', '微博：@耳东兔子luckygirl']",励志人生,主角：徐燕时，向园 ┃ 配角：乱七八糟甲乙丙丁 ┃ 其它：欢喜冤家,为你构建一个理想世界。
表妹万福,蓬莱客,http://www.jjwxc.net/onebook.php?novelid=3346178,原创-言情-架空历史-爱情,女主,正剧,光影之梦,完结,510707字,"['万福小娇妻，谁娶谁知道。', '（重生，架空，女主弱）', '（请勿在我文下吐槽/公鸡别的太太和文儿）', '（本文百分之50订阅、12小时防盗，感谢您的正版订阅。）']",宫廷侯爵 重生,主角：嘉芙，裴右安 ┃ 配角：萧列，萧胤棠，萧彧 ┃ 其它：,万福小娇妻
国色生香,笑佳人,http://www.jjwxc.net/onebook.php?novelid=2734828,原创-言情-架空历史-爱情,女主,轻松,二之 嘉宁,完结,821761字,"['宋嘉宁长得娇艳妩媚，随母改嫁国公府，她力求端庄，却还是被霸道继兄盯上了。', '心肝乱颤，宋嘉宁偷偷塞了赵恒一块儿糖：我对你好，将来你得替我撑腰啊。', '赵恒遂撑她腰，一路荣华共享、国色生香。', '阅读提示：', '1:女主重生，男主结巴，会治好。', '2:若干人设有原型，架空免考据。', '3:微脖@笑佳人，懒宅日常+萌段子。', '*', '古言推荐：春暖香浓/宠后之路/王府小媳妇', '现言推荐：嫁给有钱人/影帝的公主/黛色正浓', '其他完结文都在专栏，求收藏！']",重生 甜文,主角：宋嘉宁，赵恒 ┃ 配角：郭骁，皇家一干人 ┃ 其它：,吃货女重生后的甜宠日常
豪门父母和顶流哥哥终于找到了我,西淅,http://www.jjwxc.net/onebook.php?novelid=4560624,原创-言情-近代现代-爱情,女主,轻松,娱乐生活,完结,540994字,"['【实体出版请关注@西淅淅淅，新文《你这是玩不起呀》】', '文案', '陆家从小失踪的女儿找回来了！', '她被人贩子拐走十几年，这辈子算毁了！', '陆家夫妻见到第一面，就觉得女儿不太对，他们不求人有出息，只希望对方快乐。', '#', '陆挽活得像个杂草，硬核当了十七岁男孩，连着户口本上都是属性“男”。', '突然一天，她成了流落街头的富家千金？', '陆挽觉得很好，她只想做个普通的姑娘。', '好好学习，岁月静好，不打架，不骂人。', '科学家老爸：“女儿你放心，成绩差不要紧!”', '陆挽：“我从小靠着读书赚钱，拿奖学金苟命。”', '顶流大哥：“卧槽这是我妹妹，头发比我还短？”', '陆挽：“……原来同学杂志上的小白脸是我大哥，我还没有嫌弃你呢。”', '以前的小弟：“老大你为了躲我们居然穿女装？卧槽胸肌练的比以前还大!”', '陆挽：“……”', '一段时间后，心怀怜悯和愧疚的家人，和等着看山鸡飞到豪门闹笑话的人，都觉得情况很不对。', '#家人终于找到了女扮男装十七年的我，并认为我是小可怜（不是）#', '沙雕团宠打脸爽文']",女配 穿书 爽文,主角：陆挽 ┃ 配角：陈念卿 ┃ 其它：,小可怜×，大魔王√
凶案现场直播,退戈,http://www.jjwxc.net/onebook.php?novelid=4658774,原创-言情-幻想未来-悬疑,女主,正剧,第一扯淡之 刑侦,完结,569681字,"['实体书23号中午12点预售，微博：@晋江退戈', '-', '欢迎玩家来到全真模拟直播游戏【凶案现场解析】（新人资格测试），您申请的身份是【受害者】。案情相关记忆已封锁，请根据人设提示，努力逃离死亡结局，或协助其余玩家，完成犯罪现场还原。', '身份：王冬颜（化名）', '死亡方式：坠楼（已入档）', '玩家评分：92（天才如你一定能破茧重生吧）', '与角色契合度：36%（你与死者是截然不同的两类人）', '自杀进度：87%（你的角色已在精神崩溃边缘）', '---', '高智商“危险”人士*三夭太子爷', '类似题材完结文：《有朝一日刀在手》、《第一战场指挥官》、《强势逆袭》', '---', '预收：【生在泥沼，心向朝阳。】', '在和方灼熟悉之前，严烈觉得她是一个贫穷、乖戾、阴鸷，敏感到不可接近的阴影人物。', '在和方灼熟悉之后，严烈才发现她是个认真到一板一眼、坚定到绝不回头、努力到从不停歇，时刻散发着生命气息的小太阳。', '严烈：……哇！', '·', '方灼觉得自己是一株猥琐发育的向日葵，就算把所有的能量都点在成长上，依旧是最小最矮的那一棵。那条湍急的名为命运的河流，让她疲惫得连思考不公的时间都没有。', '直到某一天，突然出现一颗小太阳，精准聚焦，24小时照耀。', '方灼：咦……？']",打脸 悬疑推理 爽文 直播,主角：穹苍 ┃ 配角：贺决云 ┃ 其它：,"其实我是个好人
 京东"
青梅七分甜,姜之鱼,http://www.jjwxc.net/onebook.php?novelid=2826774,原创-言情-近代现代-爱情,女主,轻松,校园文之 医生x翻译,完结,289000字,"['【实体书已上市】', '本文原名《小蛮腰》', '全校第一的扛把子唐茵，张扬、任性，人美路子野。', '刚转过来的书呆子陆迟，正经、话少，说话小结巴。', '在其他人眼里，两个人就像是标准的狐狸精与书生。', '每天，路过三楼的那些同学都能听到，唐茵强撩陆迟时的话。', '后来他们才知道——', '掩藏在书呆子表象下的，是强烈的占有欲。', '＊＊＊＊＊＊＊＊＊＊＊＊＊', '★双学霸。治愈系。', '★翻译x医生', '★微博@姜之鱼y', '同类型校园完结文《樱桃唇》《小月牙》', '【新文《投其所好》】', '外交部新发言人徐宴京刚上任，就因眉宇清俊、言辞犀利给全国人民留下深刻印象。', '有网友打开百科资料，发现家庭一栏写着——', '“已订婚。”', '大家不信，纷纷谴责乱改百科的大梦想家。', '.', '毕业前夕，孟丹枝因误入街拍镜头中意外走红，视频中她一袭旗袍，身姿摇曳，明艳动人。', '校友爆料她开了家旗袍店，早早戴了订婚戒。', '只是从没人见过另一半，时间一长，大家都开始盼她恢复单身。', '问及，孟丹枝只笑吟吟：“快了快了。”', '直到某天——', '几人去店里拿旗袍，只见柜台后坐着一个年轻男人，正是新闻上锐利严谨的外交发言人。', '有人大胆上前询问。', '徐宴京坦然承认：“接太太下班。”', '只听试衣间里传出老板娘的娇嗔：“才不是，还没领证。”', '.', '不久后，外交部官网资料更新了。', '徐宴京，已婚。', '#原来“快了”不是退婚是结婚#', '#说吧，百科资料你俩到底谁动的手#', '.', '身为外交官，徐宴京见过无数美景，', '都不及祖国的大好河山，', '与丹枝穿旗袍时的婀娜多姿。', '***', '★旗袍美人x外交官', '★青梅竹马，年龄差7岁']",花季雨季 欢喜冤家 天作之合 甜文,主角：唐茵，陆迟 ┃ 配角：苏可西，陆宇 ┃ 其它：校园，甜文,小仙女x小结巴，校园小甜文
皇城有宝珠,月下蝶影,http://www.jjwxc.net/onebook.php?novelid=5412000,原创-言情-架空历史-爱情,女主,轻松,原创言情,完结,507845字,"['皇城有三宝：我√我老公√我婆婆√', '宠冠六宫让无数宫妃嫉妒的苏贵妃，被陛下偏心着长大的宸王，但凡读书多点的人，谁不感慨一声，这对母子，将来肯定不会有好下场。', '即将与宸王成亲的明玖珠：真的吗？我不信。', '玖珠眼里的宸王：人美心善小仙男vs别人眼里的宸王：陛下与宠妃的纨绔儿。', '玖珠常常很疑惑，为什么别人总是用“吃枣药丸”的眼神看自己与宸王,难道这就是丑陋的嫉妒嘴脸？', '哦哟，这些人心真脏。', '这是一个主角拿了反派人设而不自知的故事，全文架空，纯属虚构，轻松风格，祝大家阅读愉快。', '【本文将于2月15日入V，感谢支持正版的读者大大，祝天天开心~】']",宫廷侯爵 情有独钟 甜文 爽文,主角：明玖珠，云渡卿 ┃ 配角：苏眉黛，沈盈，明敬舟 ┃ 其它：,真的吗，我不信。
我不成仙,时镜,http://www.jjwxc.net/onebook.php?novelid=1640353,原创-言情-古色古香-仙侠,女主,正剧,旧山河,完结,3216522字,"['【说明：简体只出了1-5册，涵盖网络版1-177章，买了简体没看结局的读者从178章开始看即可。】', '——纵你成仙，也逃不出我这一剑。', '她持剑纵横，无数仙人在她剑下丧命。', '于是，好事者多名之曰：仙见愁。', '仙见愁仙见愁，仙人见了也发愁。', '后来，他们叫她“见愁仙子”。', '传闻，她有过一个曾杀妻证道的夫君。', '“仙见愁”是个女人，是这浩浩三千界唯一一个不想成仙的修仙人。', '备注：', '1、', '女主最帅', '；', '2、作者新浪微博：窗下时镜；没有读者群。']",三教九流 天之骄子 仙侠修真,主角：见愁 ┃ 配角：傅朝生，谢不臣，曲正风，扶道山人，横虚真人，张汤，寂耶，绿叶老祖，盘古，月影，陆香冷 ┃ 其它：古典仙侠，非凡人流,我夫君杀妻证道
对你不止是喜欢,陌言川,http://www.jjwxc.net/onebook.php?novelid=2888375,原创-言情-近代现代-爱情,女主,正剧,已完结的甜饼之 欢喜冤家,完结,429158字,"['实体书已经上市，各大平台可买，悦读纪、新视角书店有签名版~', '文案一', '唐馨暗恋自己的老板四年，那会儿老板正在追她的闺蜜，她作为他的队友，阳奉阴违，成功把他PK出局后。她趁虚而入，却在告白时被他拒绝：“抱歉，我们不合适。”', '然后，她干了一件大事——', '她当着助理的面，把老板扑在办公桌上强吻了，水亮的眼睛对上他那双复杂的眼，低低地说：“这样也算得到了，以后也不会再惦记了。”', '后来，唐域发现这姑娘当真不惦记了。', '他却一天比一天烦躁，她怎么能说不喜欢就不喜欢？还说只喜欢他的脸和钱。', '这他妈什么扭曲的爱情观。', '唐域一直致力于纠正唐馨扭曲的爱情观，却常常被她带进沟里，顺便疯狂爱上她，总裁包袱掉一地，骚话满天飞，最后不得不用“暴力”治服她——', '“叫唐爸爸也没用！”', '——', '三观总是被狗吃的霸总X永远有心机应付霸总的小富婆。', '小富婆日记：在他彻底爱上我之前，我一定不会承认，我当初对他一见钟情了。', '文案二', '据助理汇报，剧本会议上，唐馨跟另一个编剧吵得不可开交，毫不退让。', '唐域听完，问：“原因？”', '高助理：“另一个编剧要给女二加戏，唐小姐说那段戏加进去女二就是个傻缺，还拉低男主智商情商，那编剧气哭了。”', '唐域起身，一走进会议室，那编剧就哭诉：“唐总，你评评理！”', '唐域看了她一眼，淡淡地说：“抱歉，我评不了，我跟她吵架从来没赢过，得哄着让着。”', '其他人：……', '——', '入坑提示：', '雷男主追过闺蜜的慎入，闺蜜另有真爱，没有破坏感情和第三者，追妻火葬场，轻松沙雕，谢绝转载和扒榜。', '文中无原型，有私设，有bug温柔指出，感谢，微博：陌言川', '完结文：《戒不掉的喜欢》骚气的敬王X可软可刚的小医生|《只有我懂他的柔情》硬脾气队长X旗袍控编剧|《时光里的蜜果》破镜重圆，校服到婚纱|', '我的专栏，求一个收藏，戳戳戳→', '预收文《等星星坠落》校园女神X冷躁贫困生，求个预收呀，戳专栏可以看见——', '文案：', '高中那时候，祝星遥每个星期五早上都能收到一封情书，累积到高三一共有八十多封。', '她误以为是隔壁班男神陆炎给她写的，回了一封信：我答应做你女朋友。', '这段恋情还没开始，就被人举报到教务处。', '教务主任对他们开展了长达三个小时的思想教育，棒打鸳鸯，祝星遥和陆炎成为重点隔离对象。', '后来，祝星遥在高中同学聚会上愤愤地说起这件事，喝多的她开始骂人：“我到现在都不知道到底是哪个贱人举报的，让我知道，我一定打死他。”', '聚会结束，她被江途堵在洗手间里，面无表情地看她：“你说的那个贱人是我。”', '祝星遥脑袋晕乎：“嗯？”他在说什么？', '江途低头看她，淡笑道：“你和陆炎早恋是我举报的，要打死我吗？”', '祝星遥：“……”', '困扰她多年的案子，终于破了。', '江途心里补充：那八十多封情书，也是我写的，用左手写的。', '那些年，祝星遥是许多男生眼里的女神，江途觉得她就跟天上的星星，可看不可摘。他一直在等，等她从天上坠落，落到他掌心里。', '校园女神X冷躁贫困生，一个关于暗恋的故事，男主暗恋女主，非常暗戳戳地暗恋着，2019年8月开文~']",都市情缘 豪门世家 业界精英 甜文,主角：唐馨，唐域 ┃ 配角： ┃ 其它：,不喜欢她？真香！追妻火葬场！
攻玉,凝陇,http://www.jjwxc.net/onebook.php?novelid=3167385,原创-言情-架空历史-奇幻,女主,正剧,更新中,完结,1163777字,"['【替换修改稿。】【全文+番外完。】', '【提示：架空唐朝玄幻文，非纯古言。】', '【大结局章增补一万五千字，盗文网大量内容缺失，看正版。】', '架空唐朝捉妖文。', '""他山之石，可以攻玉。""', '对于嚣张惯了的成王世子蔺承佑而言，滕玉意就是他“攻”不下的那块玉。', '天之骄子作死追妻路。']",灵异神怪 宫廷侯爵 情有独钟 欢喜冤家,主角：滕玉意，蔺承佑 ┃ 配角： ┃ 其它：,天之骄子作死追妻路。
造作时光,月下蝶影,http://www.jjwxc.net/onebook.php?novelid=4053431,原创-言情-架空历史-爱情,女主,轻松,原创言情,完结,613289字,"['花家世代忠良，无论男女，皆以守卫家国为重。君臣相和、嬉笑怒骂，皆因心中有情义。', '天凉了，被陛下偏宠的太子倒台了吗？', '没有。', '天热了，忠勇侯府被鸟尽弓藏了吗？', '没有。', '本文连载中，有幸受到专家的指导，非常感谢、感恩，虚心积极接受专家的指导意见，修改文中错别字，认真修改文中不足之处 ，倡导积极正能量，并在以后的创作中，继续学习、进步。', '——月下蝶影', '【晋江文学携手作者祝亲爱的读者朋友们：春节假期，平安康乐！同时温馨提醒大家勤洗手 戴口罩 多通风 少聚集】', '本文将于3月31日入V，感谢小天使们的支持，祝大家阅读愉快。', '新文《皇城有宝珠》，欢迎大家收看（皇城有三宝：我√我老公√我婆婆√）']",宫廷侯爵 欢喜冤家 天作之合 甜文,主角：花琉璃 ┃ 配角： ┃ 其它：,反正有大把时光
重回九零,怀愫,http://www.jjwxc.net/onebook.php?novelid=4889825,原创-言情-近代现代-剧情,女主,轻松,码字中,完结,1086428字,"['【年代日常文】', '林文珺躺在手术台上', '回想自己一辈子过得也算好', '丈夫九十年代就发家致富，没养小三没出轨', '三个儿女也算孝顺', '她没吃过大苦没遭过大罪', '怎么偏偏就是不满足呢？是丈夫跟自己渐行渐远？是三个子女埋怨她一碗水端不平？还是娘家亲戚个个吸血但没人记得她的好？', '要是能重来一回，她肯定不会当个家庭主妇，不会再对白眼狼家人忍气吞声，更不会把二女儿抱养出去……', '她也不会……再嫁给丈夫', '眼睛一睁，林文珺回到她三十二岁那年，肚里已经怀了二胎', '阅读提示：1、年代文日常文，非穿书，时间线1995——2020', '2、40%防盗订阅率，72小时']",年代文 时代新风,主角：林文珺 ┃ 配角： ┃ 其它：,不当主妇，发家致富！
所有人都知道我是好男人[快穿],糖中猫,http://www.jjwxc.net/onebook.php?novelid=4364236,原创-言情-近代现代-爱情,男主,轻松,那快乐的男主向之 长泽,完结,3737127字,"['纪长泽的任务是守护会被各种极品渣男毁掉一生的人。', '然后，他穿成了这些极品渣男。', '——八零年代里的受宠极品小儿子', '——脑子聪明不停压榨父母的巨婴', '——高学历却偏要吃软饭的凤凰男', '——嫌弃父母拖累不认父母的不孝儿', '纪长泽穿过来后：', '不上进懒惰心肝小儿子竟然成了当地首富。', '巨婴原来是将所有精力都放在了研究上。', '软饭凤凰男在妻子娘家遇到破产危机时力挽狂澜。', '不孝儿衣锦还乡为父母遍寻名医。', '剩余世界待定，依旧轻松苏爽文。', '=====', '安利自己的同类型完结男主向快穿文，戳进专栏可见哦：', '《渣男洗白手册[快穿]》', '《好男人操作指南[快穿]》', '《男配逆袭手册[快穿]》', '安利cp基友文文~', '《今天也在为做个好人努力[快穿]》作者：十月豆瓜', '《穿书后所有讨厌我的人都来为我洗白》作者：梦.千航', '声明:我的作品独家发布平台为晋江，其他任何平台的标注我笔名的作品非我创作且与我无关，请大家认准正版平台。']",系统 甜文 快穿 爽文,主角：纪长泽 ┃ 配角：很多 ┃ 其它：苏爽打脸虐渣,我坏我渣但我是个好男人
以后少来我家玩,栖见,http://www.jjwxc.net/onebook.php?novelid=1590059,原创-言情-近代现代-爱情,女主,轻松,完结了好开心之 撸啊撸,完结,230529字,"['【出版改名为《喜欢不喜欢》，淘宝等平台均已上市ww微博@栖见吗】', '1.', '喻言失恋了，她觉得她被绿了。', '小三有两个，一个是个叫英雄联盟的游戏，另一个是个叫江御景的，打这个游戏的男人。', '分手以后，喻言擦干眼泪，开电脑开始下载英雄联盟。', '她要看看，这破他妈游戏到底有什么好玩的。', '——半个月后，喻言：LOL真好玩。', '2.', '世界第一ad江御景大大在退役赛上说的最后一句话是：“等我赢了这场就回去给你打辅助。”', '于是电竞圈沸腾了，所有人都在猜测，这位让王者adc心甘情愿给她做辅助的人到底是谁。', '女主志向：上王者。', '男主：一个王者：）', '手把手教你如！何！上！王！者！', '恩，就是这么一个简单又励志的故事。', '味蕾轰炸西点师X颜值担当电竞选手', '《拿盲僧打ad就问你怕没》《大声告诉我这个大空的帅不帅》《脸抗塔就是一个莽根本没在虚的》《躲在小兵后面你算什么男人》《虽然你青铜水平补刀四次空大闪现撞墙脸抗塔，但我还是愿意给你做辅助》《如果这都不算爱》']",都市情缘 竞技,主角：喻言，江御景 ┃ 配角： ┃ 其它：LOL,教你如何上王者：）
科学占星，唯物算命,江月年年,http://www.jjwxc.net/onebook.php?novelid=5463793,原创-言情-近代现代-剧情,女主,轻松,偶尔看看会有点小感动的旧物,完结,568893字,"['【全文完结，微博@江月年年黏黏】', '贺家流落在外的继承人归来，众人皆等着看千金复仇记，或者豪门狗血言情剧，却不想找回来的楚千黎天天都在玩牌、摇骰子、传播封建迷信（？）。', '※', '楚千黎穿成女强文的小白花女配，她既不想为豪门利益撕逼，也不愿掺和男女主感情，只想老老实实搞占星，没事再研究马列主义。', '原男主：“你要跟我争家产么？”', '楚千黎：“不，你工作，我分红，我进公司我是狗。”', '原女主：“宝贝儿，男人能有什么好，性别不要卡太死。”', '楚千黎：“……姐姐好辣我好怕，无奈性向吃不下。”', '※', '世人皆知贺家女不姓贺，她从不打点公司事务，却擅长占星塔罗之术，通晓命理，直断未来，从未有失手时刻！', '“老贺，我遇到大麻烦，求令嫒帮我算算啊！”', '“真不好意思，她刚读大学，最近不在家。”', '“……啊？读什么专业？”', '“马克思主义哲学。”', '“？？？”', '※', '楚千黎：虽然我精通命理学，但我是坚定的马克思主义信徒，绝不是算命的。', '【沙雕爽文，文案存档于2021年2月15日。】', '【友情提示】', '如果阅读过程中评论区产生意见分歧，可以直接批评作者，不要批评其他读者。', '各位是花钱大佬，说话都硬气一点，跟作者持相同观点者绝不是无脑粉，跟作者持不同观点者也不是无脑黑。', '隔壁预收坑《我想在妖局上班摸鱼》', '楚稚水在大城市奋斗三年，终于带着存款顺利上岸，却发现新单位里只有她一个人类？', '楚稚水：现在连妖怪都寻求稳定找铁饭碗？', '※', '办公室内，楚稚水逐渐适应妖局工作，尽管她在单位做得兢兢业业，也逃不过小地方的八卦及人情世故，遭遇红娘处长的热心关照。', '妖怪处长：“小楚啊，你工作那么优秀，怎么不考虑成家立业？我给你介绍对象吧，你有没有什么要求？”', '楚稚水心中默念单身大法好，但她也不愿出言扫兴，索性故意刁难：“我找对象要求也不高，只要长得好看，孝顺我父母，能够做家务，还挣钱养家……”', '妖怪处长极为爽快：“好，我给你找！”', '楚稚水将心一横，咬咬牙道：“……还得会生孩子！”', '正当她认为处长会知难而退，岂料对方恍然大悟：“你办公室里那个就会生啊！你就直说看上他呗！”', '楚稚水：？？？', '楚稚水：草（一种植物）', '※', '楚稚水：我想在妖局上班摸鱼，后来发现是想想而已。', '【新文案存档于2020.8.12】']",穿书 爽文,主角：女主 ┃ 配角：男主 ┃ 其它：,我用星星科学算命
办公室隐婚,轻黯,http://www.jjwxc.net/onebook.php?novelid=2568822,原创-言情-近代现代-爱情,女主,正剧,现实向之 先婚后爱,完结,622457字,"['全本订的旁友烦请打个分分，接档文《小浓情》，进专栏收了它~', '涂筱柠从小算过命，先生说她五行属火，克金，到金融行业会生财，且命中有贵人相助。可她进了银行三年财没来散的倒挺快，她就没信，直到遇见纪昱恒，诶？好像真的有贵人？', '第一次，贵人问她：“你是不是忘了什么？”', '第二次，贵人又问：“谢谢就完了？”', '第N次，涂筱柠说：“贵人，我无以为报只能以身相许了。”', '初中你是学霸校草我是无名学渣，再遇后我们关系很复杂——', '纪昱恒：“以后中午不要随便过来。”', '涂筱柠：“干嘛？怕说你潜规则啊？”', '纪昱恒扯回领带，“再乱动就请你出去。”', '“领导……”', '“你就站那儿，别靠近。”', '“领导～”', '“好好说话。”', '“哦，那老公，刚刚的口红好吃吗？”', '一句话文案：山海浮沉，泯然众生，我乃一介无名之辈，却此生有幸你是良人。', '学渣&职场小白vs校草&社会精英', '职场夫妻+先婚后爱，很甜且欢乐，不甜就来砍我！', 'ps：', '1.此文原名《良人》，又名《职场夫妻》、《两社畜的爱恋》、《隐婚二三事》、《营销狗的逆袭》，已全文存稿，会日更至完结，可放心入坑～', '2.金融职场行业文，欢乐甜宠向，职场中案例涉及专业性名词会在作者有话注解。', 'word 围脖：轻黯_QINGAN', '************', '接档新文《小浓情》，进专栏可预收～', '那三年市一中都盛传一句话：一中一哥王骁歧，千年老二许意浓。', '高三下晚自习，许意浓独自做值日生闷头扫地，直起身才发现“一哥”正倚靠在教室门框看她。', '许意浓：“看什么看？少显摆。”', '王骁歧笑得邪气，“我可什么都没干。”', '她继续扫地，语气不善，“脚让！”', '王骁歧便让，“考都考过你了，那我吃点亏请你吃饭？”', '许意浓关注点有点偏，“你吃亏？”', '“那就你吃亏，高考后收我做你男朋友好了。”', '“……”', 'N年后，再见面她是甲方他是乙方。', '某天手底的人都在讨论甲方那女BOM工程师组长身材前凸后翘好的很，王骁歧接完座机把话筒一扣，“今晚所有人通宵加班。”', '大家一愣：“啊？”', '王骁歧依旧高冷：“数据不修复好，天天通宵。”', '大家哭了：“老大，不要啊！”', '后来王骁歧把许意浓堵在茶水间。', '“许总，你们女员工的衬衫就没有宽松的size ？”', '许意浓：“王经理，你什么意思？”', '王骁歧倚靠在门框，像多年前一样慵懒，“你说呢？”', '许意浓不以为意反嘲，“王经理你作为乙方，这么跟甲方爸爸说话合适吗？”', '“那甲方爸爸，你觉得我什么身份合适？”王骁歧笑笑，一如既往地邪气，“前男友？”', '“……”', '一句话文案：他张扬，娇纵，轻狂，傲慢，却是我愿用一生去仰望的不羁少年。', '校园到职场，初恋再相遇，渣锅钟爱的破镜重圆。']",婚恋 职场 业界精英 甜文,主角：纪昱恒、涂筱柠 ┃ 配角：凌惟依，饶静，赵方刚，陆思靖 ┃ 其它：甜到上头甜到酣,职场夫妻，先婚后爱
王府宠妾,假面的盛宴,http://www.jjwxc.net/onebook.php?novelid=3132729,原创-言情-架空历史-爱情,女主,正剧,完结强推,完结,924082字,"['新文《望春山》已开，来约。', '上辈子瑶娘身为晋王的宠妾，还未受到几天宠爱，便一命归了西。', '重活一世，她决定保全小命，做好自己的差事，再也不妄图攀龙附凤了。却万万没想到上辈子那个对她只做不说的冷面晋王竟然自己凑了上来。', '世人都晓晋安帝有一宠妾，早在潜邸之时便荣宠有加，之后宠冠后宫。对这宠妾，民间乡野传闻众多，唯一让人众所周知的便是这妾在没进王府之前是个寡妇，据说还带了个儿子。', '晋安帝内政修明，励精图治，乃是一代明君，惟独在这宠妾身上频频昏头，让世人颇多指摘。而其做的最荒唐的一件事便是，将那宠妾前头的儿子认在自己名下。', '对此，晋安帝出来辟谣：“是亲生的。”', '特别感谢画手太太@木子畫之绘制的封面', '阅读指南：', '①别问作者是不是双处，看下去你就知道了。惊喜总是藏在不经意之间。', '②架空免考据，日更。', '③微薄：@作者假面的盛宴', '④', '完结文都在专栏里，求收藏', '面面的完结文推荐：', '嫁个金龟婿', '家养小首辅', '毒妇不从良', '炮灰通房要逆袭', '农夫家的小娇娘', '戏子奋斗日常', '悍妃在上', '名门闺秀与农夫', '面面的微薄，如更新有了变故，会在这里通知哒→']",前世今生 种田文 重生 甜文,主角：瑶娘、晋王 ┃ 配角：晋王妃、胡侧妃、苏慧娘、姚成等 ┃ 其它：甜宠、逆袭、重生、种田,霸道王爷爱上我，小蝌蚪找爸爸。
人不可貌相,月下蝶影,http://www.jjwxc.net/onebook.php?novelid=3109031,原创-言情-近代现代-爱情,女主,轻松,原创言情,完结,386311字,"['《人不可貌相》实体书已经开始预售，购买地址请见【晋江月下蝶影】的微博。', '颜溪天生长着一张苦情剧女主特有的脸，就连小区后门摆摊算命的老头看到她，都要摇头叹息加感慨，这女娃长得一脸苦相，命运多舛，可惜可惜。', '颜溪：……', '俗话说，人不可貌相，海水不可斗量。', '颜溪觉得，虽然她有一张苦情女主的脸，但是她有一颗喜剧女主的心啊。', 'PS感谢李畫之友情提供封面。']",情有独钟 天作之合 励志人生 甜文,主角：颜溪 ┃ 配角：原弈，宋海，陶茹， ┃ 其它：,不要看脸，脸会骗人
修真界禁止物种歧视,暮沉霜,http://www.jjwxc.net/onebook.php?novelid=5128614,原创-言情-架空历史-仙侠,女主,轻松,古代的之 小鱼,完结,862617字,"['“变成拥有毛绒尾巴的半妖是什么体验？”', '“你看这漫天飞舞的雪花，浪漫吗？好看吗？那都是我掉的毛。”', '*', '穿成一个位于物种歧视链底层的半妖，俞幼悠一开始以为自己要经历人族和妖族间的艰难抉择，参与两族的斗争厮杀，最后一统修真界——', '结果都没有。', '在这个过于沙雕的修真界，她只见识到了沙雕这个物种的多样性。', '比如热心提议她把尾巴盘腰上的天才丹修，比如为了骗吃骗喝不惜装猫的神兽，再比如执着于给幼崽舔毛的妖皇……', '算了，这倒霉修真界谁爱执掌谁去吧。', 'ps：作者不会写文案，正文精彩与否可在评论区询问其他读者。评论请随意，看文嘛开心就完事了。', '主大女主沙雕热血升级，感情戏很少，cp是大尾巴X秃尾巴，两只毛绒绒。', '（下一本预收求点进专栏收藏）↓', '《飞升到了魔法界》', '作为天剑门最强的太上长老，黎露晞飞升那日引来的雷劫声势前所未有的大。', '大到什么地步？', '这道雷劫真做到了一人得道全家升天，它把整个天剑门连人带山都劈到了异界！', '一睁眼，上至沉迷写龙傲天话本的掌门，下至精通搓麻将的扫地大爷，大家都傻眼了。', '为什么山门下排了一溜妖怪，他们还说要参加什么魔法师入学考试，想要拜入山门学习法术？', '黎露晞拍桌而起:“收！我们要在异界普及修真素质教育！”', '＊', '大陆最有名的魔法学院终于又开始招生。', '龙族的继承人，狮族的小公爵，人鱼族的王子，都奔赴而来，紧张且期待地站在那座奇怪的山门下，等着魔法师骑着扫把来接他们。', '然后，他们就看见一个老头提着扫把慢悠悠走下来，尖叫后反手拔出一剑——', '他踩着一把剑，上天了。', '众人:！！！原来现在的魔法师都要魔武双修了吗！']",仙侠修真 女强 穿书 爽文,主角：俞幼悠 ┃ 配角：专栏完结文《剑宗师妹她手握魔杖》 ┃ 其它：下一本开专栏预收《飞升到了魔法界》,成为半妖的我不做人了！
一见到你呀,栖见,http://www.jjwxc.net/onebook.php?novelid=1741205,原创-言情-近代现代-爱情,女主,正剧,完结了好开心之 假正经,完结,251449字,"['【实体书已出版，淘宝等平台均有销售ww微博@栖见吗】', '1.', '向歌当年追周行衍时，曾绞尽脑汁。', '快追到手的时候，她拍屁股走人了。', '时隔多年，两个人久别重逢。', '苍天饶过谁，周行衍把她忘了。', '2.', '向歌爱吃垃圾食品，周行衍作为一个养生派自然向来是不让她吃的。', '终于某天晚上，两人因为炸鸡外卖发生了一次争吵。', '周行衍长睫敛着，语气微沉：“你要是想气死我，你就点。”', '向歌闻言面上一喜，毫不犹豫直接就掏出手机来，打开APP迅速下单。', '“叮铃”一声轻脆声响回荡在客厅里，支付完毕。', '周行衍：“……”', '*', '嚣张骨妖艳贱货x假正经高岭之花', '本文tag——', '#十八线小模特逆袭之路##医生大大你如此欺骗我感情为哪般##不是不报时候未到##那些年你造过的孽将来都是要还的##我就承认了我争宠争不过炸鸡好吧#', '“一见到你呀。”', '——我就想托马斯全旋侧身旋转三周半接720度转体后空翻劈着叉跟你接个吻。']",都市情缘 业界精英,主角：向歌，周行衍 ┃ 配角： ┃ 其它：,开始你的表演。
同时攻略三个神明,秋水麋鹿,http://www.jjwxc.net/onebook.php?novelid=4960220,原创-言情-架空历史-奇幻,女主,轻松,成年大肥鹿（可食用）,完结,647662字,"['隔壁接档文《纸片人都对我意图不轨》', '【连载期多次修文，完整精修版只在晋江~】', '------------------------------------------', '系统：“请将光明神拖下神座、让黑暗神改邪归正、让海神感情专一。”', '南希：“啊，快穿啊，我可以。”', '系统沉默了一下，“不是，是同一个世界，同时攻略。”', '于是......', '南希：“要放飞自己，要奔放，要豪放。”', '光明神勾勾唇角：“放飞就是可以对你做任何事对吗？”', '南希：“……”', '南希：“要爱护小动物，不要踩花花草草，做一个对社会有用的人才哦。”', '黑暗神用藏在背后的手拧断兔子脑袋，乖巧地点点头，“嗯，一会儿给你做麻辣兔头吃。”', '南希：“要专一，要自律，只做我一个人的神明。”', '海神解散了鱼塘，笑得温柔又凉薄，“如果我发现你藏着野神明，我一定不会手下留情。”', '任务完成后她回到了原世界，世间出现了三位堕神，从此再无光明。祂们掀起腥风血海，带着对万物的恨意，嗜血残忍为她发了疯。', '正在潇洒的南希又被召回，在她面前，三位堕神无比冷漠地凝视她……', '#发生什么事了？', '#成功感化的三个小天使哪去了', '食用指南：', '1；女主万人迷演技在线时间管理大师', '2：攻略目标（原则性极强禁欲清冷的光明神、嗜血腹黑占有欲强烈的黑暗神、又撩又宠又野的一批的海神）', '3:1v1', '4：作者喜欢修文，盗文剧情和正版有出入，看盗文就会看不懂错失剧情。', '5：排雷，海王文，又渣又浪，不能接受千万别看！作者女主控，看不得女主受一点委屈。所以男主都非常宠。', '6：海神他养鱼，是真养鱼，吃的那种。', '---------------------------------------', '隔壁接档文《纸片人都对我意图不轨》正在连载~喜欢请收藏', '阿璃下了个养成男友的app。捏了几个绝世神颜的纸片人。下一秒，她穿越到人妖共存的大唐朝。到了这里才发现，高岭之花的仙门之首是她捏的，沉郁腹黑的幽都之主是她捏的，毁天灭地的妖族大反派还是她捏的。他们都在疯狂寻找那个“遗弃”他们的未婚妻。', '谢谢，你们太热情了，阿璃隐姓埋名躲起来。', '但她身上带着一股桃子香，只要碰到水就会被纸片人闻到。', '千防万防，防不住老天下雨、草地有露珠、受伤以后“好心人”拿酒给她消毒。', '香气引来了原本就觊觎她的纸片人。', '于是……', '三百年不找道侣的仙门之首宣布自己有道侣啦。', '几百万年的黄金单身汉幽都之主宣布自己有道侣啦。', '上古大神宣布自己有道侣啦。', '妖域少主宣布自己有道侣啦。', '就连毁天灭地的大反派也宣布自己有道侣啦。', '就在大唐人妖鬼三界都在猜测这五个道侣都是什么奇女子？', '阿璃却在连夜扩鱼塘，鱼塘里的鱼已经装不下了。', '#你的网漏了，能不能补一下，我快被别的鱼挤出来了。', '食用指南：', '1非切片精分，有男主，1v1', '2女主为了回家，在线飙戏忽悠十级。', '----------------------------------------------------', '完结文：', '《少年阴阳师》日式轻小说，和少年安倍晴明的冒险', '《来自偏执神明的宠爱》西幻，神明与少女', '《带着系统去春秋建城》基建，墨家钜子与少女的故事', '《世子的娇娇宠》古穿，我与你做同一个梦', '《女主自带锦鲤光环》快穿，愿每个人从此都很幸运']",穿越时空 系统 甜文 西幻,主角：南希 ┃ 配角：接档文《纸片人都对我意图不轨》求收藏 ┃ 其它：,光明神、黑暗神、海神
福宝的七十年代,女王不在家,http://www.jjwxc.net/onebook.php?novelid=2799243,原创-言情-近代现代-爱情,女主,正剧,我最爱的年代文之 那个年代,完结,908118字,"['【本文文案】', '聂老三家得了一对龙凤胎后，不想养福宝了，他们说福宝天生带衰。', '生产大队里没人要她，顾家抓阄抓中了那个“福”字，不得已收养了福宝。', '聂老三媳妇掐着腰骂：谁爱养谁养，谁养谁倒了八辈子楣！', '聂老三闺女生银暗暗地想：这辈子，把你赶走，你曾经在聂家享受过的一切，都属于我。', '可是他们谁也没想到，自从福宝到了顾家，顾家一切顺风顺水，好运连连，成为了平溪生产大队富得流油的一家子，福宝也被顾家宠上天。', '聂老三闺女生银等得眼都红了，也没等来聂家上辈子命中该有的好日子。', '而聂老三媳妇抱着自己龙凤胎日渐虚弱的身子，终于慌了神……', '女配穿书+重生，女主不穿不重生但就是超级好运自动搞定一切，任凭你诡计三千，我自天然呆巍然不动，气死你没商量。', '——小广告在线疯狂ing——', '1)甜美完结文躺在专栏等着你：', '再入侯门/半路杀出个侯夫人/将军家的小娇娘/皇家小娇娘', '福宝的七十年代/蜜芽的七十年代/甜妻的七十年代', '/五个大佬跪在我面前叫妈', '2)点进专栏蹭蹭好运气顺便收藏吧——>右上角，专栏，收藏。']",甜文 穿书 爽文 年代文,主角：福宝，萧定坤（这是男主） ┃ 配角：已开新文《霸总他妈还是奶娃娃》 ┃ 其它：,呆萌锦鲤小福星甜滋滋的舒坦日子
怨气撞铃,尾鱼,http://www.jjwxc.net/onebook.php?novelid=1361427,原创-言情-近代现代-惊悚,女主,正剧,奇情悬疑之 旅途,完结,797922字,"['怨气撞铃', '一串只能被死人怨气撞响的风铃', '一段永远看不到终点的漂泊旅途', '本文通知', '*之前修过一次文，但因为V章不能更改字数，所以发在作者有话说里。最近很多人私我说这样重复影响观感，所以趁着有空一次性删掉了，保留最朴实的原版吧……', '其它文，欢迎戳', '新文戳']",恐怖 江湖恩怨 三教九流 异能,主角：季棠棠，岳峰 ┃ 配角：神棍，毛哥，叶连成，秦苗，其它待设定的一干人 ┃ 其它：在路上,这串风铃，只能被死人的怨气撞响
快穿之教你做人,南岛樱桃,http://www.jjwxc.net/onebook.php?novelid=2713183,原创-言情-近代现代-爱情,女主,轻松,连载中,完结,1733164字,"['【穿越各个世界，教极品们做人。】', '备注：', '1.苏爽文。', '2.男主始终是一个人，没切片，没失忆，没人格分裂。', '3.恳请不要在文下diss其他作者或作品，谢绝扒榜考据。']",打脸 快穿 爽文,主角：郁夏 ┃ 配角： ┃ 其它：,苏爽快穿
我有一个祸水群,南岛樱桃,http://www.jjwxc.net/onebook.php?novelid=2147687,原创-言情-架空历史-剧情,女主,轻松,连载中,完结,1202496字,"['冯念跟康王世子情投意合好几年，只差临门一脚，结果情郎上门求了她妹。', '悲痛之下，冯念毅然进宫。', '初选这天，女主标配金手指上线了。', '*', '【叮咚！红颜祸水群启动，信息加载中……】', '【苏妲己加入群聊】', '【赵飞燕加入群聊】', '【杨玉环加入群聊】', '……', '备注：', '1.工具人皇帝，女主对他莫得感情。', '2.架空背景，随手捏的混搭设定，不是传统宫斗，脑洞巨大，金手指巨粗，骚操作巨多，只要不踩红线的什么剧情作者都敢写，后面的发展你想不到。总之沙雕苏文一篇，喜欢常规走向的读者慎重入坑。', '3.这文后宫位分从高到低是：皇后、皇贵妃、贵妃、妃、嫔、昭仪、婕妤、美人、才人、贵人、选侍。', '4.一月十九v，设了官方防盗。', '5.爱我请别在其他文下提我。', '6.祝大家平安快乐。']",穿越时空 宫斗 系统 爽文,主角：冯念 ┃ 配角： ┃ 其它：轻度沙雕（大概）、红包群,妲己加入群聊
与天同兽,雾矢翊,http://www.jjwxc.net/onebook.php?novelid=2680387,原创-言情-架空历史-爱情,女主,轻松,已更新完之 中二神兽VS自强女,完结,2784525字,"['预收《和堕落之主谈恋爱》，欢迎收藏：）', '重生后，该做些什么？', '自然是弥补遗憾，彻底地远离某个不可言说的人。', '从卑微走向强大，这个世界再也没有什么可以阻碍她成神。', '可是，当发现不小心捡到一只神兽，随着神兽的成长化形，当看清楚神兽的人形模样，她心里瞬间被卧槽刷满屏。', '说好的神兽呢？为毛神兽变成了那个传说中不可言说的人？', '两世都栽在一只兽手上，楚灼表示真是哔了狗了！', '楚灼：那只蛇精病的神兽每天都想和她生小神兽怎么办？在线等，挺急的！', '某兽：（⊙ω⊙）喵~', 'PS：不是传统的玄幻文，而是一生放荡不羁的中二男主只想每天和女主秀恩爱的虐狗甜文！', 'PSS：男主前期一直是只萌兽，后期才化形。', '排雷事项：', '【1、玄幻大长篇，啰嗦、慢热、叽叽歪歪，慎入。', '【2、外表白莲花内在真汉子女主VS恶意卖萌的中二男主。', '【3、雷苏爽甜文，不考据，相关设定都是胡掰的，就图个乐。', '【4、众口难调是常事，大家文明看文，实在是不喜就弃文吧^—^', '【玄幻系列文】', '逆转仙途姐妹篇：《撩神[快穿]》', '妖魔鬼怪系列之魔星：《为你着魔》', '妖魔鬼怪系列之妖蛊：《掌中妖夫》', '长篇修仙小说：《重生之逆转仙途》', '西幻穿书纯爱：《[穿书]黑化圣骑士》', '微博：晋江雾矢翊。']",灵异神怪 重生 甜文,主角：楚灼、封炤（封怂怂） ┃ 配角：《夫君是未来大魔王怎么办》已完结 ┃ 其它：异世大陆，重生,与神兽的秀恩爱日常！
水与火（原名服不服）,红九,http://www.jjwxc.net/onebook.php?novelid=3385386,原创-言情-近代现代-爱情,女主,轻松,最新完结之 投行故事,完结,860208字,"['2018.12首发，2019.05完结。2020.11.23全文精修完毕（盗文网有情节错漏和错字病句）', '【一】', '楚千淼上学时一个冲动给任炎写过情书，但被他给拒绝了。', '后来工作中两个人重逢。', '楚千淼：要不，我想再试试。', '任炎：不，你不想。', '后来她就真的再也不想这个事，毕竟天下帅爷们那么多。', '可是这个任炎他怎么回事？嘴上说不要身体却整天围着她转是几个意思？', '【二】', '一开始楚千淼对任炎心里窜着小火苗，她对他特别友爱客气。后来……【此处省略八百字爱恨情仇】', '后来，小火苗灭了。再一起做项目的时候，楚千淼也不忍着了，经常……怼他。', '有次任炎气得把楚千淼直接堵在办公位上。', '他两手插着裤子口袋，用下巴点着她，问：你现在变得很不服我是吗？再这么七个不服八个不忿的我可收拾你了。', '楚千淼不以为意：我身上带三千个水，你才带两个火，我能灭了你一千五百次不嫌多。', '任炎蓦地低头凑近她：你打算怎么灭？', '——', '彩虹屁十级的漂亮小姐姐楚千淼VS狂拽酷霸冷.口嫌体直.真香.任炎', '一个有意思的投行故事~', '*投行文，涉及IPO、增发、并购重组、融资等等（都能看懂很有意思哒）', '*小说纯属虚构，专业部分参考调研报告、业务书籍和百度等等，文中人物、公司名称等也均为虚构，均与现实没有一分钱关系，不存在任何暗示、意指以及影射。请勿代入现实人物与公司，以免误伤，谢谢大家么么哒~', '*谢绝扒榜~', '*日更，有事会请假～更新时间大约在23：00-0：00之间更新，早睡不要等，睡醒再看么么哒~']",都市情缘 情有独钟 励志人生 甜文,主角：楚千淼，任炎 ┃ 配角： ┃ 其它：红九作品,水与火的交锋
北城有雪,明开夜合,http://www.jjwxc.net/onebook.php?novelid=5429502,原创-言情-近代现代-爱情,女主,正剧,2021年,完结,332631字,"['【本文多次修改，只有正版清楚且完整，请支持正版】', '【下本写《我寄长夜》，求预收~】', '谈家三公子和家里闹翻，差点父子绝交。此事传得沸沸扬扬，听说原因甚为荒唐，居然是为了一只“鸟”？', '有人议论：“这得多金贵的鸟啊。”', '谈宴西笑说：“可不是，笼子关不住，哄也哄不好。”', '周弥默默地白了他一眼。', '·', '天灰落雪，谈宴西站在窗前，好半晌没动静。', '有人来问，他说：“我的绿山雀飞走了。”', '这时节哪里来的山雀？', '他笑一笑，不说话。', '◆', 'Je suis le dernier sur ta route', 'Le dernier printemps la dernière neige', 'Le dernier combat pour ne pas mourir', '我是你路上最后的一个过客/最后的一个春天/最后的一场雪/最后的一次求生的战争', '——保尔·艾吕雅', '◆', '*HE，HE，HE。', '*阅读提示：', '1.双非C.', '2.男主浪子人设，情史丰富，不喜勿入。', '3.角色三观不代表作者三观。', '4.古早味俗套梗有。', '5.阅读途中，不喜欢可随时弃文，不必通知作者，或者和作者激情battle~笔芯~', '___________________________', '【下本开《我寄长夜》】', '文案：', '梁家一夜落败，始作俑者正是楼问津——父亲的亲信，梁稚十六岁起，便喊“楼哥哥”的人。', '为给父亲谋一条生路，梁稚上门求请楼问津。筹码是自己。', '楼问津目光波澜不惊，“梁小姐太瞧得起自己了。”', '梁稚顿觉屈辱，转身欲走。', '“放你父亲一条生路，可以。”楼问津身后幽幽开口，“——跟我结婚。”', '·', '结婚三年后，楼问津目标达成，一纸离婚协议书递给梁稚，“我留了苏敬淮一条命。你自由了。跟他走吧。”', '梁稚一把撕碎了协议书扔在他脸上，“想得美！”', '·', '梁稚恨极楼问津。', '一直以为楼问津对她同样。', '后来才知道，楼问津爱她七年。', '·', '“他们酗的是酒。', '我酗的是你。”', '·', '*双C.', '*男主暗恋成真。', '*从相杀到相爱，伪·强取豪夺。', '————']",都市情缘 天之骄子 业界精英,主角：周弥，谈宴西 ┃ 配角：甲乙丙丁 ┃ 其它：,他的绿山雀飞走了
一朵花开百花杀,维和粽子,http://www.jjwxc.net/onebook.php?novelid=2267777,原创-言情-架空历史-爱情,女主,轻松,新坑之 魔女非魔,完结,668169字,"['原名《魔女非魔》，新坑《夫君位极人臣后》已开。', '文案：', '花焰是个神教圣女，俗称魔教妖女。', '因为诸位前辈的斑斑劣迹，导致她尚未出家门就已经声名狼藉。', '天可怜见，她是个好人！', '现在，她正待在号称正道百年以来最强战力，魔教闻之色变的“人间杀神”陆承杀陆少侠身边，分分钟担心身份暴露被这个世仇碎尸万段。', '然而她居然一点也不想走。', '陆承杀拔剑，面无表情道：“我会保护你，杀光所有魔教人的。”', '魔教妖女·花焰：“……谢谢。”〒▽〒', '看起来小白花的霸王花女主X纯情人间兵器男主，男女主都对对方滤镜几万米XD', '————', '花焰是个从小父母恩爱，有青梅有竹马，在充满爱的环境长大的魔教妖女。', '陆承杀正好相反。', '他没有情绪，没有爱好，没有朋友。', '被当做兵器养大。', '但在花焰眼里，他是#人间理想##一身正气##完美大侠#', '——“我有很多爱，愿意分给你一点。”', '————', '前面略有些慢热，文风后面会比前面正经点，剧情有波折，不是一帆风顺到底。', '———★古言新坑《夫君位极人臣后》文案★———', '公主府开宴，一处偏僻殿内，贺兰瓷掐着掌心扶着墙，和同样脚步凌乱的新科状元郎陆无忧狭路相逢。', '一个柔若无骨，一个面色酡红。', '四目相对，双双从对方眼中看到一丝绝望。', '“我先走了……”', '“我走那边……”', '然而更绝望的是，不远处还能听见公主侍女和二皇子侍从搜寻两人的声音。', '贺兰瓷咬唇：“要不你从一下公主？”', '陆无忧忍耐：“我觉得二皇子人也不错。”', '贺兰瓷：“再说我们就只能两败俱伤了！”', '陆无忧闭眸：“那就两败俱伤吧。”', '贺兰瓷：“……？”', '一夕之后两人清白全无，只得被迫成亲，然而强敌环伺，这亲事成的分外艰难。', '一边是虎视眈眈盼着她丧夫的二皇子，一边是目光幽冷盯着她的公主。', '贺兰瓷：“……你能顶得住吗？”', '陆无忧：“顶不住也得顶，谁让我娶都娶了——我将来是要做权臣的，自不会倒在这里。”', '贺兰瓷：“那你努力哦！靠你了！”', '陆无忧：“……？”', '经年以后，陆无忧做到内阁首辅，位极人臣，权倾天下，回忆起旧事。', '门生向他请教是如何走到这里的。', '陆首辅心道，只要娶一位有倾国倾城之姿又时常被人觊觎的夫人，总能催人上进。']",江湖恩怨 情有独钟 天作之合 甜文,主角：花焰、陆承杀 ┃ 配角： ┃ 其它：维和粽子,魔教妖女X纯情人间兵器
妃嫔这职业,月下蝶影,http://www.jjwxc.net/onebook.php?novelid=1490595,原创-言情-架空历史-爱情,女主,正剧,原创言情,完结,360775字,"['身为一位合格的妃嫔是需要职业道德的。', '其实嫔妃是份好职业', '突然想写篇穿越宫廷文，该吃就吃该喝就喝该斗就斗，如果有童鞋爱看女主情不自禁爱上皇上王爷之类的情节，就别对这文抱希望了，主角就是个缺心缺眼的货。', 'PS架空背景，请大家考据得不要太过严密。', '本文将于本周三（2012.05.16）入V，入V当天最少三更~', '===============================================', '友情推荐朋友的文：', '且看穿越女主在国公府过的舒心日子，和下嫁为将门妇后过的糟心日子……']",宫廷侯爵 因缘邂逅 穿越时空 宫斗,主角：庄络胭 ┃ 配角：封瑾，赵采芙，嫣贵嫔淑贵妃 ┃ 其它：宫斗没心没肺女主,嫖帝王的一生
第一战场分析师！,退戈,http://www.jjwxc.net/onebook.php?novelid=5214228,原创-言情-幻想未来-剧情,女主,轻松,第一扯淡之 机甲,连载,278505字,"['微博@晋江退戈', '被废弃格斗机器人抚养长大的乘风，在某天接触到了传说中的机甲。', '乘风：……哦豁！', '-', '《第一战场指挥官！》姐妹篇，行吧，听你们的用回这个中二的系列名。', '没什么好说的，只写校园，中篇，图个开心，看客随意']",星际 爽文 成长,主角：叶归程（乘风） ┃ 配角： ┃ 其它：,你看你个小奶盖
她的4.3亿年,君子以泽,http://www.jjwxc.net/onebook.php?novelid=3642255,原创-言情-近代现代-爱情,女主,轻松,她的4.3亿年之 海族之歌,完结,879880字,"['《她的4.3亿年》出版书2021年7月9日晚上7点全网开启预售！详情请见我的微博@君子以泽', '*', '接档文《明月却多情》预收见专栏~', '请刚来的读者认真看好了最下方的排雷再入坑，谢谢！', '*', '当人来到一个陌生的环境，她不知道自己是谁。', '于是第一件想做的事，就是摸清自己在食物链中的位置。', '科学x神话', '生命演化史x大海造物主', '光海x深渊，生命x死亡，奥术x邪能，自然x吞噬', '海神族x捕猎者x海洋族x深渊族', '*', '注意事项，请认真阅读后再入坑：', '1.完全架空的世界观，和人类文化、道德、体系有巨大差异。初期比较表面（如外观、城市面貌、生活习俗等），越到后面越深入（历史政治，哲学信仰，社会体系等等），所以，读这本小说，需要读者暂时忘记人类社会，完全进入4.3的海洋世界，不然会越看越怪的。', '2.前期校园生活，中期政商斗争，后期神话与生命演化史。', '3.女主联姻四次，男主未婚但浪得飞起。性史留白没写，读者可以自行想象，但还是不太建议洁党看。', '4.文长，剧情越往后起伏越大，所以不要一口气订阅全文！不要一口气订阅全文！不要一口气订阅全文！重要的事说三遍。不要看到别人喜欢就订全文，用自己的审美去判断是否值得阅读，看一章订一章，不喜欢就弃，不要浪费钱哈。爱你们。', '5.如果有逻辑bug，劳烦大家把具体bug说出来。因为我真的特别在意行文逻辑，如果确实有问题，我一定会修改的。请大家多多指正，直言不讳，谢谢！', '***', '接档文《明月却多情》', '名震天下、令人闻之惊颤的魔界之主紫修，表面疏淡飘逸，实则冷漠暴躁，蛮横不可一世。', '却恰好像极了尚烟的初恋。', '名字一样，长相一样，除了额头疤痕，几乎没有任何区别。', '可那个温柔美貌，比神族还像神族的魔族少年分明早已死去。', '死在了她的面前。', '后来尚烟才知道，他们是双胞胎兄弟。', '更糟糕的是，死去的弟弟——她的初恋残留在了哥哥体内，变成了双重人格。', '理智告诉她不要接近对方，可控制不住身体。', '每次痴缠之后，都要懊恼不已。', '紫修：“孤警告你，虽然有时弟会出现，但孤的身子，你不要再碰。”', '尚烟：“那，我肚子里这个……是谁的孩子？”', '紫修：“……”', '尚烟：“……”', '直到尚烟离开，多年后，紫修才发现。', '他口口声声说着只要男人足够强，女人想要多少，便有多少。', '实际上只是不愿承认，他的王后从未爱过他。', '他上天入地，纵横六界，弑遍神族，屠城无数，也只是想再见她一面。']",时代奇缘 花季雨季 天作之合 相爱相杀,主角：梵梨（苏伊） ┃ 配角：星海，夜迦，苏释耶，希天，羽烬，夏弥，黑乔，琼，苏璃（按出场顺序排列） ┃ 其它：微博@君子以泽,你的小美人鱼来了
微*******城,顾*,http://www.jjwxc.net/onebook.php?novelid=370832,原创-言情-近代现代-爱情,女主,轻松,新坑开挖,连载,172608字,[],
听说我超凶的[综恐],曲奇碎可可,http://www.jjwxc.net/onebook.php?novelid=3531934,衍生-言情-近代现代-其他衍生,女主,正剧,同人长篇，完结可宰,完结,557565字,"['恐怖游戏《盒》上线两个月，有这么一个人，人不在江湖，江湖却有她的传说。', '传说队友被鬼追得魂飞魄散，她把鬼追得惊声尖叫。', '传说她超凶，鬼见了她都觉得害怕，是站在反派BOSS头上的反派BOSS。', '对这些以讹传讹的不实谣言，林柚表示：？？？？？', '林柚：我硬核降鬼，我花式反杀，我抓鬼进图鉴，但我知道我是好玩家：）', '被反杀的鬼们：……', '即将被反杀的新鬼：……你不要过来啊啊啊啊啊！', '阅读指南：', '1.在死亡边缘大鹏展翅·皮一下真的很开心·女主，是站在食物链顶端的女人（x', '2.单元剧副本，主剧情。', '3.有诸多二设和魔改，请做好心理准备。原创占比多，部分设定来自克苏鲁神话。', '4.预收求收藏，戳专栏可见→《凶宅经纪人》', '文案：', '向晴正值人生最低谷。', '潜规则饭局上一杯酒泼出来个雪藏；为求便宜搬进某间公寓后才发现是座凶宅；唯一疼爱她的外婆意外过世，遗产里留给她的却只有两把钥匙和一本压箱底的破旧菜谱。', '菜谱平平无奇，玄妙之处唯有封皮上的“山海”二字。', '事已至此，搬家伤了腰的向晴决定在入住第一晚给自己炖锅鸡汤补补身。', '夜深人静，向晴亲眼看着镜子里的自己眼角沁出血色。', '下一秒，她和冒出头来的女鬼一齐望向飘袅出奇特白烟的炖锅，同时觉得这事有点不对劲。', '*', '很久以后，一锅鸡汤召唤出来的天地间最后一只鲲鹏在被采访起对此作何感想时，沉思良久。', '他看看事务所内闻名一方的捉妖师，瞧瞧看门守院的神兽，最后望了望各栋凶宅里哭天喊地的鬼怪们。', '北洛：谢邀，可能这就是一见误终身吧。', '众鬼/妖：………………', '你们可干点人事吧！！！']",恐怖 无限流 爽文 升级流,主角：林柚 ┃ 配角：奈亚，简明佳，耿清河，顾衡 ┃ 其它：无限流,你不要过来啊啊啊
[清]再不努力就要被迫继承皇位了,大团团,http://www.jjwxc.net/onebook.php?novelid=4306711,衍生-言情-架空历史-东方衍生,男主,轻松,【已完结】圈一块地，萌一群人之 太子胤礽,完结,1403257字,"['文案：三岁时，小太子胤礽得到努力奋斗系统，从此以后，就是有妈的孩子了。', '系统告诉胤礽：', '皇帝，社畜的代名词，起得比鸡还早，睡得比狗都晚。看似拥有权利，实则一身枷锁，想多吃蛋羹会被说，想要玩天天一群人追着你喷“昏君！”而你身为太子，是未来的皇帝预备役，距离社畜仅一步之遥。', '现在不努力学习，以后不努力奋斗，就会被抓走当社畜！', '胤礽死死抓着小玩具，泪水在眼眶里打转。', '恶毒妃子安插人手来给他洗脑：你是太子，你是未来的皇帝，你将有尊贵的身份无上的权力，大阿哥是臣你是君，你根本不需要去搭理大阿哥。', '胤礽一把抱住了康熙的大腿，嚎啕大哭：“我不要做太子了！”', '【强排】前期主养崽亲情，后期主事业线，弱感情线，标言情是因为符合逻辑', '感谢小天使@星汉灿烂与团团深入探讨，指导完善文中细节。', '————————————————————', '【预收】：大清第一作家', '爱新觉罗·胤禩在很小的时候起，每天在梦里被迫看各种言情狗血剧。', '先是大玉儿，小玉儿，多尔衮，皇太极的恋情纠葛。', '再到先帝与董鄂娘娘的倾世绝恋，十岁那一天，他将汗阿玛与穿越女的爱恨情仇看到了大结局。', '十一岁开始，自新剧《霸道帝王爱上我之雍正狠狠爱》开播起，他看遍了以自己兄弟们为男主的各种死了都要爱。', '胤禩看破红尘，决定做一个没有感情的码字机。', '他要出书！要把自己体会过的剧毒剧情分享给其他人，让全世界的人体会到被剧情喂屎又放不下去含泪追更的感觉。', '千年后，历史学家说起爱新觉罗·胤禩时，这样评价他。', '“他是第一位畅销书作家，明明有绝佳的文采可著书立传，却以皇子之身，成为了我国历史上第一位狗血小说鼻祖。”', '“康熙骂他不务正业，却偷偷追更！”', '“九龙夺嫡时，胤禩受到波及而断更，这一断更，天都塌了……”', '“他的脑洞，令后世子孙眼界大开，他的三观，毒中更毒！”', '“他最大的贡献，是以一己之力，打破了清朝的文字狱！”', '————————————————————————', '已完结作品：', '1.再不女装大汉就要亡了！', '2.当满级貂蝉穿越三国CP赵云', '3. [三国]柳暗花明又见鬼CP司马懿', '4. [综]他们都想抱朕大腿', '点击进入团团咕的专栏能收获好多快乐！～比心']",清穿 宫廷侯爵 种田文 系统,主角：胤礽 ┃ 配角：奶爸康熙及七个小矮人豆丁 ┃ 其它：,太子不想做社畜坑爹坑兄弟最6
异界领主生活,轻云淡,http://www.jjwxc.net/onebook.php?novelid=3990370,原创-言情-幻想未来-轻小说,女主,轻松,2019,完结,351360字,"['爱丽丝被朋友安利了一款冒险游戏。', '经过长期氪金奋战，她顺利将职业练成满级，并成为全服第一高手。（法师Lv.99、剑士Lv.99、锻造师Lv.99、药剂师Lv.99、厨师Lv.92）', '一朝穿越，爱丽丝继承领地，成为一名领主。', '数年后，全帝国最富饶的领地在此诞生', '【锻造、制药、做卷轴，没有什么办不到】', '【魔法背景，架空，经营流，无敌流】', '【两个挂逼（划掉）的爱情（划掉）】', '【晋江文学城独家发表，谢绝转载，侵权必究】', '**', '阅读须知：', '1、日更，中午12点准时更新', '2、1V1，双洁党，苏爽不虐', '3、禁止任何形式转载及搬文，喜欢请支持正版', '**', '下本开《无限建城》，感兴趣的可以先收藏', '云烟花了大把时间，好不容易将手游“无限建城”玩通关。不料无意间踩空，摔下楼梯，一命呜呼。', '再醒来，已经是3000年。', '星球环境极速恶化，粮食大幅度减产。', '云烟偶然得知，玩指定游戏，有机会获得面包、高能量巧克力、能使作物增产的植物肥料、超级种子。', '进入游戏，意外发现是全息网游版“无限建城”。', '更让人吃惊的是，旧号天赋、职业、技能全继承。', '两年后，云烟终于再次通关。', '与此同时，全人类饥荒危机得以解除。', '【建筑宗师在线建城】', '【女主欧皇+实力派，轻松向】', '【（积攒）卡牌+废土末世背景】']",种田文 美食 爽文 基建,主角：爱丽丝，诺亚 ┃ 配角： ┃ 其它：,满级大佬混新手村搞建设
每日一表白,栖见,http://www.jjwxc.net/onebook.php?novelid=1639058,原创-言情-近代现代-爱情,女主,轻松,完结了好开心之 游戏宅,完结,176774字,"['【出版改名为《今天你也很漂亮》，淘宝等平台均已上市ww】', '【微博@栖见吗】', '知名游戏女主播温思遇是影帝江叙的小迷妹，日常是在每次直播的最后安利一遍自家男神并表达自己对他深沉的爱意。', '国民男神江叙喜欢上了一个游戏女主播，日常是在女主播开直播的时候披着小马甲暗搓搓的蹲在人家直播间里头听着妹子对他每日一表白。', '被其好友称之为——痴汉。', '直到某一天，江叙发现，小姑娘直播的时候再也没出现过他的名字了。', '于是等了数日，终于忍不住微博私之：【你现在都不跟我表白了吗？】', '温思遇：？？？', '游戏女主播X票房扛把子']",都市情缘 天作之合,主角：温思遇，江叙 ┃ 配角： ┃ 其它：,游戏宅影帝X女主播
庸俗童话,七宝酥,http://www.jjwxc.net/onebook.php?novelid=1971090,原创-言情-近代现代-爱情,女主,正剧,写完啦,完结,303471字,"['【下本双向暗恋文《国王长着驴耳朵》，求个预收】', '*本文实体书《反转童话》预计10月上市，具体预售时间会在微博通知 @七宝酥废话特别多', '—', '一开始，周谧以为张敛是她的童话节选，', '不料后来，他却成了让她冷笑三声的现实文学。', '一开始，张敛以为周谧个性柔驯极其省心，', '不料后来，她却成了除他以外谁都对付不来的事儿精。', '一个精致利己主义者为爱从良的故事；', '本文又名《上班第一天发现与公司老板有着不可告人的秘密关系》', '-', '*先“婚”后爱，上级下级，渣男作女，开开心心；', '*角色不完美【加粗】二极管建议不看', '*感谢阅读']",业界精英,主角：周谧 ┃ 配角：张敛 ┃ 其它：努力写成正剧叭,上班第一天发现老板不简单
半路杀出个侯夫人,女王不在家,http://www.jjwxc.net/onebook.php?novelid=2482792,原创-言情-架空历史-爱情,女主,轻松,豪华别墅法拉利之 白首相依,完结,706581字,"['萧杏花是萧家的童养媳，十四岁圆房，十五岁生孩子，十七岁男人被征兵，一去不复返。', '她给婆婆养老送终，又拉扯两儿一女都长大成人，还给儿子娶了媳妇。', '眼看着儿子能干，媳妇孝顺，女儿娇俏可爱，说亲的踏破门槛，三十二岁的她觉得，这人生其实还是挺舒坦的。', '可是就在这个时候，简直是天降大雷：', '那个死鬼男人根本没死！而且封侯拜将，发、达、了！！', '“儿子，媳妇，闺女，走，你爹富贵了，咱们也要跟着享福去！！”', '作者旧文推荐：', '将军家的小娇娘/半路杀出个侯夫人/盛世娇宠/倾城小佳人/宠后作死日常', '明天我就要重生了/隐形的他/楼兰遗梦/你是我世界的唯一']",情有独钟 破镜重圆 种田文 重生,主角：萧杏花，萧战庭 ┃ 配角：儿子女儿媳妇一堆人 ┃ 其它：,这个侯夫人太彪悍了
攻略诅咒之王后我死遁了,白灵子,http://www.jjwxc.net/onebook.php?novelid=5376362,衍生-言情-近代现代-东方衍生,女主,正剧,正在写,连载,285464字,"['【首先向各位读者小天使们道歉，对不起。作者需要停更养病，归期不确定，但会努力快点回归，大家可以等完结了再看QAQ', '我有双相障碍+偏头痛+慢性支气管炎+慢性胃炎+慢性阑尾炎+滑膜炎，还有失眠、贫血、脾肾虚这种小毛病。今年3月犯病后新增心脏神经官能症+植物神经紊乱，昨天又确诊咳嗽变异性哮喘，以及发现右下腹有积液。', '犯病的起因是我除夕前到2月末连续熬夜通宵了一段时间。3月初阑尾炎犯了，继而引发身上其他的慢性病，再加上精神障碍，我的状态越来越差，病情逐步加重。发展到6月时，我浑身不停地发抖，还有窦性心动过速，吃饭、喝水、走路都很困难，更别提码字，因此在6月19日决定停更，请假养病，到今天7月6日还没有好转。我不知道什么时候能控制住病情，请假条最长时间是三个月，我就按照最长时间挂了。我会努力吃药控制病情，尽快回来，毕竟我很舍不得可爱的读者们，以及这篇文是我目前数据最好的一篇，要是因为身体不好弃坑我会被自己气死。但如果我控制不住病情，这篇文会在几个月后自动解v，我们有缘明年或者后年再见。贴贴你们，希望我能快点控制住病情，这篇文后续还有更精彩（自夸？）的内容没写到呢。', '最后，告诫各位读者宝贝，千万不能熬夜！尤其是身体本来就不好的，不许熬夜！！】', '源未来，自称没有她攻略不了的游戏角色。', '其异能力「模拟游戏」能生成恋爱游戏，打出HE结局即可获得她想要的任何奖励。', '然而，她在《平安京恋爱物语》里惨遭滑铁卢。那个身为诅咒之王的可恨家伙，任她使出浑身解数，永远只会给她一个死亡结局。', '一周目，她选择巫女身份，想来一场跨阵营的旷世奇恋。', '出场刚到五秒，惨遭死亡结局。', '二周目，她选择实力更强的咒术师身份，酷炫出场。', '哦豁，激起对方战意，半分钟获得死亡结局。', '三周目，她吸取教训，选择贵女身份，觉得诅咒之王与贵族大小姐也很可。', '呵呵，没想到这次三秒都没活过去。', '……', 'N周目，她终于成功攻略诅咒之王宿傩。', '看着面板上显示着100的好感度，她果断搞出惨烈的Bad End。', '源未来：我宁愿不要奖励，也要报复你！', '*', '销毁《平安京恋爱物语》的两周后。', '源未来在街上被一个陌生的粉毛高中少年拽住了，对方脸上有奇怪的黑纹，还有种莫名的熟悉感。', '少年嗓音低哑：“源未来？”', '源未来：“是，你是……？”', '少年掐着她的下颌，将她提到自己面前，笑得有些狰狞。', '“宿傩。”', '源未来：艹！', '游戏角色怎么到现实来了！', '【阅读说明】', '①女主见封面，男主宿傩，私设颇多。', '②伏笔多，角色会随剧情发展有转变和成长，未至结局请勿轻下定论。', '谢绝指导，养肥弃文勿告知。', '③本文设定截止至涩谷事变，如将来与官方有冲突，请将其看作私设。', '④禁止在别人文下提我、在我文下提别人，禁止在评论区发BL，尊重BG。', '【推基友的二言，敲好看的，去看看嘛】', '《蛊王你可不可以不杀我》by鸡子饼，cp夏油', '《气死啾也我是专业的》by卷毛的猫，cp中也']",综漫 少年漫 文野 咒回,主角：源未来[GenMirai] ┃ 配角：专栏求收藏呜QAQ ┃ 其它：预收《每次都跟病娇反派HE了》和《三天抽卡五天成神》求收藏QAQ,然后我他喵翻车了。
至此终年,墨宝非宝,http://www.jjwxc.net/onebook.php?novelid=1353170,原创-言情-近代现代-爱情,女主,轻松,至此系列,完结,227914字,"['这本书的简体书已经上市，比网络版多了番外。当当购买链接：', '平生一顾，至此终年。', '如果你遇到一个人，曾是个外科医生。十三岁那年，他和你的母亲在同一间医院被抢救，却意外地，在六七年后，听不见声音，上不了手术台，拿起书，成为了一个普通的大学老师。', '如果，他和你一样，有个遗弃自己的母亲，不能说出口的父亲。', '如果，他是因为一场举国的救死扶伤，损失了该有的健康。', '如果，他爱你。', '你会舍得，不爱他吗？', '”得顾平生，平生已无憾。”', '这是个简单的故事，就是两个比较可怜的娃，互相温暖的故事。']",天作之合 情有独钟,主角：顾平生，童言 ┃ 配角： ┃ 其它：,
表演科今天也想与侦探同归于尽,未西归,http://www.jjwxc.net/onebook.php?novelid=5297620,衍生-言情-近代现代-东方衍生,女主,爆笑,今天为降谷零产粮了吗,连载,775333字,"['【每天日更，请不要养肥啦~】', '【本故事纯属虚构，请不要过度代入哦~】', '艺术学院的表演科垫底差班，在参加学校旅游的时候集体穿越了，还被绑定了艺考系统。艺考系统每次随机抽出表演人数和剧本，每场必须达到60分以上，否则就会受到严重的惩罚。', '于是……', '差生一号：呜呜呜为什么我要在波洛咖啡厅里表演海王，店里的金发帅哥一直盯着我，我尴尬得脚趾都抠出了三房两厅了！', '差生二号：救命啊我为什么抽到黑帮交易，我被小学生侦探盯上了啊！完了他刚才是不是在报警？！', '差生三号：对面那个眯眯眼的帅哥邻居最近一直向我打招呼，他是不是对我有意思啊？', '差生四号：等死吧，那个是FBI，肯定是你昨天在家里练习歹徒被发现了！', '……', '表演科差生们：老师，当初我为什么不好好听你讲课！演戏好难啊！！', '旧文《每天都在被侦探逮捕的边缘试探》已完结，男主透子，请多多捧场！']",综漫 穿越时空 系统 柯南,主角：花田早春奈、透子 ┃ 配角：松田、赤井、小学生侦探等 ┃ 其它：酒厂、极道、异度,在柯南世界与侦探斗争的日日夜夜
袖中美人,寒菽,http://www.jjwxc.net/onebook.php?novelid=2380386,原创-言情-架空历史-爱情,女主,轻松,古代言情,完结,484938字,"['排雷：1，本文为狗血文，非甜宠，非爽文。', '2，男主狗皇帝，大渣男，有三宫六院，被别的女人用过，洁党慎入。不换男主。一对怨侣。', '3，自我检讨，这本后面是没写好，建议看到女主死掉就别往下看了。', '文案一:宫中无人不知怀袖姑姑,她年纪轻轻便高居尚宫之位，为女官之表率，四妃九嫔都要敬她三分。', '没人知道“怀袖”一名正是新帝少年时在榻上为她改的，意将她揣在怀口袖中,时时刻刻带在身边。', '只有她知道这位温文尔雅、恪守礼节的君王私底下有多肆意妄为。', '她总想，忍一忍，再忍一忍就可以出宫，退休养老，不用再伺候这个渣皇帝。', '忍着忍着，新帝还想给她升职转岗,非要她当皇后。', '倒也不必。告辞。', '文案二:怀袖知道自己对天子陛下来说，只是微不足道的小玩意。', '她出身微寒，无亲无故，无依无靠，比不得高门贵女。', '她跟了萧叡十几年，一直心知肚明，萧叡嫌她卑贱。她在萧叡心中，不过是个用得顺手的东西。', '假死离开时，她微笑着对萧叡说：“是，您是这世上最尊贵的人，贱妾卑微，我一无所有，唯剩此心，却实在不想奉献给您。您坐拥江山四海，无数人爱您，应当不缺我这颗心。”', '↓↓↓欢迎收藏我的作者专栏↓↓↓', '古言预收《千枝雪》↓', '文案一：', '阮扶雪幼失怙恃，跟随伯父母长大，她满心期盼，待到及笄，她就能嫁给祁竹。', '——祁竹是父母生前为她定好的未婚夫，更是她心爱的情郎。', '未料祁家倒台，伯父母毁约，转头把她许给旁人。', '几年后，她回娘家守寡，而祁竹弃文从武，成了当朝最年轻的将军，凯旋而归。', '阮家被祁竹报复，只得把她送到祁竹的掌心，任他折辱。', '她身为寡妇，却怀上祁竹的孩子，终是在抑郁中香消玉殒。倒也好，她也不必等祁竹回来，亲眼见他娶高门贵女，再被诛心。', '若有来生，她只愿他们一别两宽，各不亏欠。', '文案二：', '祁竹死在一片雪地里，他死时脑子里只想着阮扶雪。', '他早就不气了，那女人可怕得很，时时泪盈于睫，娇不胜风，胆子丁点大。', '离京前，她还在他怀里一边发抖一边哭着说：“你既要与贵女成亲，总不好再在私下与我牵扯不清，以后、以后莫要找我了。”', '她又想嫁给别的男人不成？他气急了，故意吓她：“你想得美，等我回来，就讨你作妾。”', '都是骗她的。他很后悔。', '其实他回绝了上峰女儿的亲事。', '想要这次回京，就娶她为妻。']",情有独钟 天作之合 青梅竹马 相爱相杀,主角：怀袖，萧叡 ┃ 配角：古言预收《千枝雪》求收藏 ┃ 其它：,你去何处，朕便将何处饰金屋
召唤玩家搞基建,安碧莲,http://www.jjwxc.net/onebook.php?novelid=4479653,原创-言情-架空历史-轻小说,女主,轻松,即将开坑之 第四天灾,完结,2000434字,"['【预收文《我全校都穿越了》，欢迎收藏带走】', '罗莎成为了帝国最年轻的女公爵，获得了最广袤的领地。', '本以为从此走上人生巅峰，却没想到，领地内忧外患，破败不堪，还经常在被巨龙烧烤的边缘试探。', '危难之际，来自异世界的游戏系统找上门来。', '【这里是您的金手指，请查收】', '为了更好的建设领地，罗莎决定和系统合作，召唤玩家共同建设，带领子民（和自己）走向幸福生活！', '=w=', '兽人：抢走罗莎公爵献给伟大的兽王陛下，冲鸭！', '玩家：灭掉这群兽人，回去交任务了，冲鸭！', '兽人：团灭众人，轻而易举.jpg', '玩家：立刻复活，不愧是我.jpg', '兽人：……？？？', '【题材为第四天灾相关，即召唤玩家，参加了衍生的第四天灾活动，不清楚这个题材的亲可以去活动页面看看还能收获更多快乐，或者度娘一下你就知道，笔芯】', '食用指南：', '1、苏爽文，金手指开大', '2、前期主事业，感情线后期上线', '3、沙雕欢乐向，建议不带脑子看', '4、勤快日更中，有事会请假', '5、看不到更新or收藏后不显示or收藏异常等等问题，可拨打晋江客服电话询问', '【预收文：《我全校都穿越了》，作者专栏最上方可见，依然是播撒快乐的沙雕苏爽文，收藏就能带走啦】']",系统 爽文 西幻 基建,主角：罗莎 ┃ 配角： ┃ 其它：第四天灾，沙雕,叮，您的沙雕玩家已上线
头号炮灰[快穿],兰桂,http://www.jjwxc.net/onebook.php?novelid=2554000,衍生-言情-架空历史-其他衍生,女主,轻松,剧情流苏爽快穿,完结,3821501字,"['化解炮灰的怨气，逆袭炮灰的人生！', '影后苏雪云穿梭于异世间，替代悲惨之人活出精彩人生。', '——————', '新文求支持：', '※《末世女在恋综干饭》', '末世唐玥穿成了黑红女配，即将在恋爱综艺里形象尽毁，遭全网谩骂。', '精神、力量双异能的唐玥：？？？', '是干饭不香还是赚钱不爽？', '高富帅前任：我们早就退婚了，你不要再纠缠我。', '唐玥：我对回收垃圾不感兴趣。', '花花公子：你确实称得上是颜值天花板，我可以让你陪在我身边。', '唐玥：你对自己的丑陋一无所知。', '凤凰男：虽然你很让人心动，但我娶的只会是富家千金。', '唐玥：到底谁给你的自信？', '刚开始观众把唐玥当笑话，天天等着她出丑。', '后来所有人看着屏幕上那个力能扛鼎、十项全能的大佬跪喊666！', '唐玥：在末世横行过的人无所畏惧。', '——————', '我的其他快穿文:', '※《作精女配觉醒了[快穿]》', '※《BOSS打脸手册[快穿]》', '※《大佬拿了渣男剧本[快穿]》', '※《把主角碾成渣(快穿)》', '※《退休反派穿成炮灰女配[快穿]》', '※《快穿之护短狂魔》']",女强 打脸 快穿 爽文,主角：苏雪云 ┃ 配角：新文《末世女在恋综干饭》求收藏 ┃ 其它：求收藏作者专栏鸭~,打脸虐渣苏爽无敌
大英雄时代,priest,http://www.jjwxc.net/onebook.php?novelid=1944945,原创-言情-幻想未来-爱情,女主,正剧,全年龄&言情之 芒种,完结,380610字,"['（原名《女汉子》）', '2429年，地球最后的和平时代在繁华的黄昏里终结，走向了一场旷日持久的战争，懵懂的英雄们还在襁褓中羽翼未丰，就已经被推向残酷的大气层外。', '血与火的时代就此拉开帷幕，顷刻间把中央商圈奔走不息的大片霓虹与橱窗里魅力非凡的模特海报烧成了一把灰烬。', '“告我地球同胞，敌人没有无往不胜的锋锐，并非无可战胜之神，但有我浩然军魂一息尚存，必与这些数典忘祖之辈血战到底，以安我同胞生者之心，慰我同胞死者之灵。”', '“我等愿身化飞灰，扬于百万星河。”', '——直到黎明前的最后一刻。', '给亲爱的太后的生日贺文！太后万寿无疆~~~', '鸣谢萧璃妹纸改名前的原来封面：', 'cp：毒蛇型男vs内敛型女', '扫雷：无科学纯扯淡，不美型真汉子。以及这是一篇真正的裹脚布，小伙伴们请慎入。', '更新频率：更新时间为每天中午十一点，会尽量日更，但由于没有存稿，不一定保证，断更会打招呼，谢谢诸位']",星际 未来架空,主角：傅落，杨宁 ┃ 配角：罗宾，付小馨，汪亚城，叶文林 ┃ 其它：扯淡永无止境,太空作战部队女汉子奋斗史
修真-师姐的剑,吃书虫子,http://www.jjwxc.net/onebook.php?novelid=1984419,原创-言情-架空历史-爱情,女主,正剧,仙姿侠骨香之 升级流,连载,2443797字,"['在这个丹器符法阵风靡，资源流、嗑药流横行的的修仙世界，剑修是这么一种古老、却不招人待见的职业：', '战力普遍强大，修为普遍低下——宜死。', '资源基本靠抢，疗伤基本靠躺——宜穷。', '女人都像男人，男人直逼野人——宜光棍。', '三千年后，调皮捣蛋的“杨小驴子”历经人世坎坷，仙途磨难终成昆仑剑派大师姐。', '杨夕：被骗了……', '剑修者，剑如其魂。', '心黑手狠的师姐，笑里藏刀的师姐，独当一面的师姐，嫁不出去的师姐，有一把修真界公认最美的剑……', '正统修真，剧情流大长文。', '烟熏的长发，火燎的素颜，', '汗湿的罗衫，滴血的长剑。', '女主十分接地气，最后高端大气了也不怎么上档次。', '有男主，但是爱情少少，干架多多。', '封面底图来自眼圈儿喵筒子的杨小驴子同人图，封面制作为我家昆仑赌坊大掌柜！', '宝宝的读者都翘可爱啊！']",女强 异闻传说 奇谭,主角：杨夕 ┃ 配角：邢铭，景中秀，邓远之，程玉琼，释少阳，胡尧，白允浪，花绍棠 ┃ 其它：女强，仙侠，剑修,一入剑“贱”门深似海
何处暖阳不倾城,北倾,http://www.jjwxc.net/onebook.php?novelid=2089609,原创-言情-近代现代-爱情,女主,轻松,任你密雨斜侵，我自坐拥王城之 暖阳倾宸,完结,423633字,"['唐泽宸，这个身家背景不详却扶摇直上的男人，', '名动A市，风姿卓越，让不少名媛淑女趋之若鹜。', '秦暖阳不认识他之前，遥望远观心存警戒。', '可认识之后……', '在哥哥的“别靠近他，别好奇他，别xx他”的警告里，', '还是越了雷池，……', '#何处暖阳不倾城#一次采访，主持人违反约定问了她好几个关于唐泽宸和她的问题。她面上不动声色，等她说完了才问道：“就算我回答了，你觉得这段能播出去？唐泽宸最不喜欢从不相干的女人嘴里听见自己的名字，我大概也属于后者。”这件事发生很久以后，唐泽宸在某夜说对她，“现在相干了。”', '#何处暖阳不倾城#记者采访秦暖阳道：“秦小姐你艺人生涯里最遗憾什么？”秦暖阳想了想，“没能体会潜规则？”那时记者已经知道她的身份，默默绕开这个话题又问：“有什么是你觉得非常啼笑皆非却真实存在的？”秦暖阳眯了眯眼，神情愉悦，“哦，bao养唐泽宸。”记者：“……”还能不能继续采访下去了？', '有话说：', '1.本文是此系列收官之作。', '2.全程无虐，温馨治愈系的暖文。', '3.男主气场略强大，女主也不弱，HE,1V1，双C。', '4.本文日更，如有意外提前请假，更新绝对有保障。', '5.谢绝扒榜，欢迎调戏。', '牙医坑已经开放文案收藏了，妹纸们快去收藏下吧！等《谁说》正文完结，立马接档！', '高冷牙医&蠢萌牙科实习生：', '新系列【好久不见】新坑《谁说我，不爱你》即将完结。', '指路→_→男主风投&商配，女主酒店大堂经理：', '同系列哥哥秦昭阳的青梅竹马文：', '腹黑苏清澈VS美艳毒舌宋星辰：', '同系列完结文娱乐圈大佬VS一线大腕：', '同系列禽兽二爷VS小怪兽双高干：', '冷面律师VS气质女王VS娇萌小宝宝：', '腹黑男VS呆萌女', '腹黑八皇子VS聪慧清冷医女', '北子的专栏，请收藏包养~']",情有独钟 天作之合 娱乐圈,主角：唐泽宸，秦暖阳 ┃ 配角：北子 ┃ 其它：娱乐圈，宠文，温馨治愈向,财大气粗的唐先生的追妻之路
脱轨,priest,http://www.jjwxc.net/onebook.php?novelid=2249118,原创-言情-近代现代-爱情,女主,正剧,全年龄&言情之 惊蛰,完结,274102字,"['鸣谢“穿上那个马甲！”姑娘的封面=w=', '你相信存在无数个和你生活的宇宙一模一样的平行空间吗？', '明明是同一个人，在这个空间中是不可一世的富家女，在另一个地方就是一无所有的打工妹。', '所有的平行空间井水不犯河水，理论上永远也不会相交，有一天，盛气凌人的富家女江晓媛在一场蓄谋已久的意外中，变成了另一个时空中的“自己”。', '剥离开家世、学历、相貌和财富，什么才是最终的自己？', '本故事为次元版本的变形计。', '更新频率为每天中午十一点，不更会挂请假条~', '给我家太后，生日快乐^_^', '◆其他出版文当当传送门：', '专栏链接', '十一月十日周一VIP，当日三更，以后长评送分，独家发布谢绝转载，请转载的诸位尽快撤文了，谢谢，再次感谢支持正版~', '替阿幂推个新文', '阿幂的新文：《昭华未央》']",幻想空间 现代架空 励志人生 穿越时空,主角：江晓媛，祁连 ┃ 配角： ┃ 其它：,公主病治疗手记
自从我捡到了杀殿这白富美[综],老肝妈,http://www.jjwxc.net/onebook.php?novelid=3178139,衍生-言情-架空历史-东方衍生,女主,正剧,蛇精二次元,完结,1510022字,"['作者有话说1：请·收·藏·我·的·专·栏！【鞠躬.jpg】', '作者有话说2：文都完结了，别看盗版了==', '作者有话说3：全文只有第一章被锁，改了大半年就是放不出来，佛了。', '下一本《当人类最强转生成狗》，无CP综漫文，喜欢的可以收~~', '排雷：男穿女，搞事大佬爱上我，犬口组1V1，双洁。主角不是完美的人，狗毛病挺多的，不喜直接点叉就好。', '主题：人与自然【微笑.jpg】', '通知：有防盗哦，没什么章节是一毛钱买不到的，如果有，那就多花几毛钱。于你，是一杯奶茶；于我，是正版曙光。', '他养了只哈士奇，不幸去见了上帝；', '他玩儿了个妖号，不幸变了副身体；', '他为了保命饲宠，不幸成为狗儿媳；', '他以为不会翻船，不幸栽在了坑里。', '蛇精剧本，怎么拼得过大佬们的算计？', '非酋体制，如何骚得过大宇宙的恶意？', '纵有千言万语诉，最后都汇成了MMP！']",性别转换 重生 少年漫 系统,主角：叶久泽 ┃ 配角：西国大狗子等各路狗比“队友” ┃ 其它：富强民主文明和谐，一锅乱炖，各种碳烤,自从我捡到了杀殿这白富美
轻易放火,墨宝非宝,http://www.jjwxc.net/onebook.php?novelid=1115639,原创-言情-近代现代-爱情,女主,轻松,轻易系列,完结,207963字,"['这本书的最新再版已经上市，比网络版多了新番外。当当购买链接（如果点不开链接，也可以自己在当当网搜索书名）：', '这是一个小编剧爱上大明星的故事。', '“若得易文泽，必金屋藏娇之。”', '作为他十几年的资深粉，佳禾奉之为宝典，却未料最后被金屋藏娇的……是自己。', '“每个人都有自己的沧海桑田。', '然后，一定会有人伸出手，陪你一路走到幸福。”', '关键定语：极端甜文/极端生活化']",娱乐圈 都市情缘 情有独钟 天作之合,主角：佳禾，易文泽 ┃ 配角：天楚，乔乔，顾宇，程皓，廖静，萧余，小欧，随剧情添加 ┃ 其它：,小编剧+大明星
我这糟心的重生,石头与水,http://www.jjwxc.net/onebook.php?novelid=5342343,原创-言情-近代现代-爱情,女主,正剧,码字中,完结,1107980字,"['避雷针提醒：', '女主一重生到六十岁拆迁前，与孝子贤孙斗智斗勇。', '女主二是女主一的外孙女，双女主成长向。', '轻快爽文，许多胡诌，不必考证。', '突然间来的灵感，随手写，散漫种田，没存稿，早十点更新，一天一更。', '重点：如果看不到更新章节，请自动进入上一章节点“下一章”，既可进入新章节。', 'V章购买比例70%，防盗时间24小时。', '元宵节诗会【2021.02.03-2021.02.28】', '参赛方式：登陆状态下任意一篇下发评，第一行写""元宵赛诗会""，下面即是您的诗作。', '参赛内容：诗词均可，长诗短诗，现代古代，均不限。', '评选方式：每篇参赛作品的作者评选出自己文下参赛诗词的一二三等奖共6名，网站评选全部参赛作品的一二三等奖共9名。', '作者评奖：', '一等奖（每篇1名） 奖金：5000晋江币', '二等奖（每篇2名） 奖金：3000晋江币', '三等奖（每篇3名） 奖金：1000晋江币', '网站评奖：', '一等奖（1名） 奖金：10000晋江币', '二等奖（3名） 奖金：5000晋江币', '三等奖（5名） 奖金：2000晋江币']",种田文 重生 小门小户 成长,主角：林晚照，秦特 ┃ 配角： ┃ 其它：,重生回到拆迁前~
最佳女配,顾子木,http://www.jjwxc.net/onebook.php?novelid=1880563,原创-言情-近代现代-爱情,女主,轻松,【出埃及记】完结之 救赎与供应,完结,773573字,"['【下本预收《海王她跟美强惨大佬HE了[快穿]》 当海王动了心，就是满分情人】', '语琪是晋江总部门下的恶毒女配。', '具体点来说，她的工作便是穿越一本又一本的晋江小说，扮演其中与自己同名的恶毒女配。', '所谓三百六十行，行行出状元，语琪的职业道德与专业素养都是拔尖的，算是这一行里的金牌业务员。', '——————————', '下本预收《海王她跟美强惨大佬HE了[快穿]》', '#一代海王潜心求问，如何吊死在一棵歪脖子树上#', '作为资深海王，姜薇一直是个没有心的女人，她自私自利，她薄情寡性，她风流滥情。', '鱼塘翻车后，大好人生毁于一旦，姜薇被绑定了海王改造系统。', '要在7个世界和美强惨大佬达成【1V1双向真爱】，才能重启天之娇女的人生。', '世界1|跨圈CP：18线艺人X才华横溢却阴郁敏感的大作家——当忧郁深沉的思想，遇到魅惑人心的皮囊', '世界2|霸道Master爱上我：半龙学徒X勾结邪神失败的魅魔导师——依附强者OR自己抗争，谁笑到最后', '世界3|陛下他有个秘密：降国公主X生为天阉的工作狂皇帝——后天努力，能将先天缺陷变为美丽的缺憾', '世界4|神明的守则：教皇私生女X被万千信徒背弃的创世神明——真正的信仰，终可冲破形式的宗教', '……', '一开始姜薇绝望发问：', '跟大作家男友一冷战，火遍全国的连载就变BE，他万千书粉天天都想手撕我怎么办？', '跟别人吃了顿饭，魅魔导师就给我下了几十种迷情剂+最严苛的灵魂契约，要怎么才能活下来？', '才藏了半本春宫图，陛下就认为我嫌弃他不行，摩拳擦掌要踏平我的母国，该如何制止？', '拜了一次异教神祗，我的神明大人就拒绝献祭+不听祷告，如何得到他的再次眷顾？', '学乖以后，姜薇战战兢兢地当着大佬们的好情人，开始行程报备，绝不劈腿，生日送花，纪念日送红包，情话每天挂嘴边。', '#过去我是全网唾弃的海王渣女，后来我是人见人羡的满分情人#', '人美嘴甜没心没肺狗女主 VS 所托非人天天气吐血的大佬们', '1）1VN，不切片', '2）连环追夫火葬场，目标互宠+黑甜爽+双向救赎', '3）在每个世界都要跟可怕大魔王谈、恋、爱！', '【本文案最初发布于2021年2月9日，留有多处证据，抄梗者自重】', '本人微博：顾子木S妹纸']",穿越时空 女配 甜文 快穿,主角：语琪 ┃ 配角：所有反派男配 ┃ 其它：,女配攻略反派，快穿
大清第一作家,大团团,http://www.jjwxc.net/onebook.php?novelid=4813855,衍生-言情-架空历史-东方衍生,男主,轻松,【已完结】圈一块地，萌一群人之 一只鸽子精的自白，咕咕咕咕,完结,630936字,"['新坑：《刘备的三国农场》召唤游戏玩家来三国搞事情已开坑，正在连载中……', '文案：', '爱新觉罗·胤禩在很小的时候起，每天在梦里被迫看各种言情狗血剧。', '先是大玉儿，小玉儿，多尔衮，皇太极的恋情纠葛。', '再到先帝与董鄂娘娘的倾世绝恋，十岁那一天，他将汗阿玛与穿越女的爱恨情仇看到了大结局。', '十一岁开始，自新剧《霸道帝王爱上我之雍正狠狠爱》开播起，他看遍了以自己兄弟们为男主的各种死了都要爱。', '胤禩看破红尘，决定做一个没有感情的码字机。', '他要出书！要把自己体会过的剧毒剧情分享给其他人，让全世界的人体会到被剧情喂屎又放不下去含泪追更的感觉。', '千年后，历史学家说起爱新觉罗·胤禩时，这样评价他。', '“他是第一位畅销书作家，明明有绝佳的文采可著书立传，却以皇子之身，成为了我国历史上第一位狗血小说鼻祖。”', '“康熙骂他不务正业，却偷偷追更！”', '“九龙夺嫡时，胤禩受到波及而断更，这一断更，天都塌了……”', '“他的脑洞，令后世子孙眼界大开，他的三观，毒中更毒！”', '“他最大的贡献，是以一己之力，打破了清朝的文字狱！”', '沙雕欢脱向，鸡飞狗跳向', '这里是求生欲拉满的PS：是言情1V1 。小八虽然脑子被荼毒了，本质上身心还是个性向正常的正经美男子（不正常指的是恋/童、骨科等，会拎出来解释是因小八阅片无数，看到了自己与兄弟们的骨科同人，作为当事人体验很神奇。清朝阿哥大部分十几岁结婚，而小八是18岁以后结婚，不存在早恋情况。感情线少，为剧情服务，媳妇是历史上的八福晋。', '【公告】如果看到92、99章有重复错误，刷新一下就是最新章节！92章更新了番外3篇。', '预收：第四天灾类题材，为了诸葛丞相、赵云、关羽、张飞等蜀汉阵营的小可爱们开坑！', '《刘备的三国农场》：', '刘备是一款三国主题模拟经营游戏的npc，他知道自己身处游戏之中，人设取自于某个做了皇帝的历史名人。', '在某一个电闪雷鸣的夜晚，他睁开眼时发现自己到了一个名为刘家村的地方，刘备恍然大悟：定是游戏删档重启还换了个地图！', '他牢记使命，干起了一个引导NPC该做的事，教玩家们种地……', '#刘备的三国农场，内测开服#', '#耕种、浇水、施肥、除草、收获果实，享受全息田园风光，感受清醒自然的古华夏风韵#', '从无人问津，到星网爆红，大汉的土地上，饥民流民遍地，经营世外桃源，在另一个世界享受种田经营的美妙。', '#三国争霸模式开启#', '#保护世外桃源，一统汉家天下#', '玩家们：嗷嗷嗷，有关曹魏、东吴的作品太多了，曹老板实乃三国题材大忙人，倒是刘备所属的蜀汉阵营，不是被打败，就是在被干掉的路上。蜀汉没粮吃！为了诸葛丞相，冲鸭！——', '玩家们：我们只有一个心愿，子龙哥哥，但求一睡！', '玩家们：关公关公，美須須合影留念！这是我研制出来的洗发水，薄荷味的，可以保养胡须，再来点玫瑰花味的护发素！', '玩家们：张飞哥哥好帅哦o(*////▽////*)q，好想练男号和张飞一起露天洗澡？', '赵云：……', '关羽：……', '张飞：……？', '刘备：等等，你们不要乱来 w(?Д?)w', '玩家们：主公，等着我们为您搜集三国名人，拐不到，就绑架！', '玩家们：小霸王孙策，美都督周瑜，一个都不落。', '玩家们：那个，嘿嘿，主公，我们想去调戏曹操，还是小鲜肉的曹操可口好骗（吸溜），您看……？', '刘备：我们……是，种地，游戏……', '诸葛亮目光灼灼道：主公乃大英雄，让天下百姓不再流离失所，吃饱喝足，何止是种地而已？还请主公莫要妄自菲薄，亮必将誓死追随主公！', '刘备感动地热泪盈眶，一把抱住诸葛亮：呜呜呜，孔明是我最贴心的小天使。', '玩家们（震惊）：还没回过神，主公就将诸葛亮拐过来了！厉害啊主公！', '————————————————————', '已完结文：[清]再不努力就要被迫继承皇位了', '再不女装大汉就要亡了！', '当满级貂蝉穿越三国', '柳暗花明又见鬼[三国]', '他们都想抱朕大腿[综]', '更多完结文点击作者专栏即可get√']",清穿 宫廷侯爵 天之骄子 历史衍生,主角：胤禩 ┃ 配角：康熙与七个小矮人 ┃ 其它：,胤禩：咕咕咕咕咕咕咕咕咕咕咕咕
宠后之路,笑佳人,http://www.jjwxc.net/onebook.php?novelid=2356301,原创-言情-架空历史-爱情,女主,轻松,二之 傅容,完结,1056093字,"['上辈子傅容是肃王小妾，专房独宠，可惜肃王短命，她也在另觅新欢时重生了。', '傅容乐坏了，重生好啊，这回定要挑最好的男人嫁掉。谁料肃王突然缠了上来，动手动脚就算了，还想娶她当王妃？', '傅容真心不想嫁，', '她不怕他白日高冷晚上咳咳，可她不想当寡妇啊。', '阅读提示：', '1.双重生，1V1，HE。', '2.自大王爷跟自私美女互相降服，不虐女主。', '3.主讲王妃的幸福生活，宠后是终点。']",宫廷侯爵 重生 甜文,主角：傅容，徐晋 ┃ 配角：最新古言《娇娘春闺》已完结 ┃ 其它：强娶强宠，坏人也会有爱情,傅美人的幸福生活
大唐晋阳公主,鱼七彩,http://www.jjwxc.net/onebook.php?novelid=2419670,衍生-言情-古色古香-东方衍生,女主,轻松,那些年那些悬疑,完结,1249506字,"['晋阳公主跌下山涧，醒来之后，她感知的世界发生了变化。', '她能看到十丈以外飞翔的苍蝇腿，能听到隔了三栋宫墙的宫女们的窃窃私语，甚至能闻辨出数百丈远的尚食局的菜色……', '李世民：“这天下唯有兕子懂我心。”', '魏征：“公主察言观色乃一绝。”', '长孙无忌：“外甥女前途不可限量。”', '李治：“妹妹什么都好，但就爱一本正经的胡说八道，偏偏父亲和满朝文武都信她，我也快信了……”', '----------', '娇宠公主苏爽路，巨玛丽苏设定，好好好好，棒棒棒棒~', '虽然唐代，但半架空的瞎掰流，除女主谁都可黑，粉慎入，考据慎入。', '剧情流，权谋破案的调调，cp1v1，男主大女主六岁，结局HE[谢绝扒榜]', '感谢好基友王辰予弈的封面，么么~', '】', '推荐大鱼的红楼完结文：', '大鱼的其它完结文（红楼、古言等），请戳大鱼的专栏么么哒→_→', '微博名：鱼七彩，请假等公告，以及扯屁在此处→_→']",传奇 打脸 悬疑推理 爽文,主角：李明达， ┃ 配角：李世民，碧云，狄仁杰，魏叔玉，程处弼，萧锴等 ┃ 其它：唐朝，李世民，历史同人,苏爽公主来探案
[综]自从我接手了本丸这群祖宗,老肝妈,http://www.jjwxc.net/onebook.php?novelid=3440574,衍生-言情-架空历史-东方衍生,女主,正剧,蛇精二次元,完结,688888字,"['【晋江首发，谢绝转载】', 'PS：暗堕本丸风，沙雕路子野。时政充反派，不适不要点~~', 'PS：下一本《当人类最强转生成狗》，求承包~~', '狗文案无法描述狗正文一言难尽的狗内容——', '轮回大佬秦寻真，打穿副本想养生。', '不料掉进本丸里，身边全是狗男人。', '寝当番中蹦个迪，养猪团建要搞起。', '待到来年再回忆，不禁点赞投了币。', '刀精美貌赛天仙，试问姬君甜不甜。', '奈何大佬爱文件，一门心思只赚钱。', '“姬君，你看我美吗？”', '“不约。”', '“……”']",综漫 无限流 系统 成长,主角：秦寻真 ┃ 配角：三明治精，嗑丸狗泳，一骑一震，自切，洗碗 ┃ 其它：一本丸的刀精一本丸的狗，一本丸的美男向前走~~,刀子：到底谁是谁祖宗啊！
影帝的公主,笑佳人,http://www.jjwxc.net/onebook.php?novelid=2197950,原创-言情-近代现代-爱情,女主,轻松,二之 记忆,完结,389131字,"['明薇有幸与穆廷州搭戏，扮演他悉心教导的公主，', '不料穆廷州车祸昏迷，醒来自称戏中太傅，从此对她毕恭毕敬又管东管西！', '-', '影帝求婚词：', '我想集毕生精力拍部戏，', '明小姐，你愿意做我的女主吗？', '*', '完结文都在专栏，求收藏！']",娱乐圈 励志人生 甜文,主角：明薇，穆廷州 ┃ 配角：高傲影帝变忠犬，超甜 ┃ 其它：,高傲影帝变痴汉，超甜
慢慢仙途之仙灵界,绝世小白,http://www.jjwxc.net/onebook.php?novelid=1467822,原创-言情-架空历史-仙侠,女主,轻松,慢慢仙途,连载,1404894字,"['姑娘们都懂的，某就不写啥了，就吼一句：记得收藏文章！（不要网页收藏，请点【收藏此文】）', '忘记说了，本文是第二部，第一部点进某专栏就能看见了。', 'PS：这是某的专栏地址，方便的话可以一起收藏。', '某已经尽力了，被锁的章节怎么改都不行，先就这样吧，啥时候有空某再重新琢磨琢磨']",灵异神怪 仙侠修真 女强,主角：萧瑶 ┃ 配角： ┃ 其它：,夹尾巴狼女修的修仙故事
到开封府混个公务员（出版名：《南衙纪事》）,欧阳墨心,http://www.jjwxc.net/onebook.php?novelid=172602,衍生-言情-古色古香-东方衍生,女主,轻松,完结之 传奇,完结,1630915字,"['重磅通知！《到开封府混个公务员》网络剧正式更名为《实习女捕快》！', '2020年7月20日优酷全网独播！有生之年啊，同志们！', '*************', '如今是工作难找，饭难吃，工资难拿，房难供。', '想要混个铁饭碗，恐怕也只有考公务员这一条独木桥。', '千万大军在一根独木桥上挤，难免会有一两个失足落水的。', '不过，咱不怕，咱还有时间机器这道法宝帮咱作弊。', '不过这个时间机器好像有点秀豆，咋就一回就回到了古代。', '好吧，反正现代古代都一个样，公务员同样是铁饭碗。', '而且，还是开封府老包家的超级铁饭碗，咱就凑合着用吧。', '--------------------------------------------------------------------------', '以此文纪念《包青天》的辉煌岁月。', '完结文：《囧月风华录》']",灵魂转换 穿越时空,主角：金虔，展昭 ┃ 配角：包拯，公孙策，白玉堂 ┃ 其它：开封府，包青天，七侠五义,现代人在北宋的当差生涯
八宝妆,月下蝶影,http://www.jjwxc.net/onebook.php?novelid=2179428,原创-言情-架空历史-爱情,女主,轻松,原创言情,完结,344585字,"['京城众人都认为，皇上给显郡王与义安候府嫡女的赐婚，是一朵鲜花插在牛粪上。', '显郡王是那朵鲜花，义安候府的嫡女是那不招人待见的牛粪。', '所谓眼见为实耳听为虚，真相往往是谁用谁知道。', '穿越架空文，与真实历史无关。女主亲妈文，偏好虐文的大大请慎入。', '感谢酥可大大友情制作的封面，么么哒。', '本文将于8月28日入V，入V当日三更，希望读者朋友能继续支持，请转载的朋友立即删文撤文，谢谢大家。']",灵魂转换 宫廷侯爵 穿越时空 天作之合,主角：华夕菀 ┃ 配角：晏晋丘华和晟华楚雨卢氏等 ┃ 其它：穿越，爽文，宫斗宅斗,女主她真的是个美人！
[综童话]穿成女主的妈,草菇老抽,http://www.jjwxc.net/onebook.php?novelid=5195819,衍生-言情-架空历史-西方衍生,女主,轻松,好风凭借力,连载,1231410字,"['手撕系统脚踩天命的叶棠又又又穿了，这次她穿到了童话世界，还成了女主们的妈。', '灰姑娘：从今天开始我就要和后妈还有后姐们住一起了，我要被后妈还有后姐们虐待了吗……？', '叶棠：女孩们——', '大姐：妹妹，这些裙子珠宝你喜欢吗？不喜欢姐姐让人给你做新的！', '二姐：妹妹，读书、绘画和音乐你喜欢哪一样？你可以学习你想学习的任何学科哦！', '灰姑娘：？？？这是什么新型的欺负方法？', '国王：继后不光嫉妒白雪的美貌，还想谋杀白雪！', '继位为女王并且打算统一大陆的叶棠：谢邀，人在战场，刚下龙背。', '白雪公主：我不想做娇弱的公主了，我要成为母后那样强大帅气的女王！', '旁人：花木兰伟大在替父从军，巾帼不让须眉！', '叶棠：我女儿伟大在她是她自己，她是花木兰。', '木兰：女儿家并非“也”能建功立业，“也”能为一国之君。女儿家本就什么都能做得。', '小美人鱼（被母亲捡回去前）：为了我心爱的王子，我愿意化为泡沫……', '小美人鱼（被母亲捡回去后）：为爱而爱不是爱。因为憧憬着高洁的爱情而无底线地自我牺牲不过是自我感动。', '第一个世界【小红帽】与成为了人类的大灰狼（完）', '第二个世界【灰姑娘】与战场天使，钢铁白衣（完）', '第三个世界【白雪公主】与人类女王（完）', '第四个世界【花木兰】与从军不替父，只为己（完）', '第五个世界【阿拉丁】与公主与人力构建的理想国（完）', '第六个世界【海的女儿】与神代更迭（完）', '第七个世界【她是一个废物】', '第八个世界【卖火柴的小女孩】', '【阅读提示：】1.主营事业。2.感情随缘。3.架空架空架空，所有故事背景时代与时代特征均为架空，请勿考证。', '接档快穿《女配不讲武德[快穿]》求预收', '总有那么一些人，以为自己穿了书还知道剧情就全知全能，以为自己重生了还带了金手指就心想事成。', '这些人认定自己就是世界的中心，看不起这个，瞧不起那个。', '穿成第NNNNN号炮灰的叶棠不止一次遇到这些人对她说：“你不过区区女配，耗子尾汁！”', '后来那些人捂着被打得肿成猪头的脸朝着叶棠怒吼：“好你个恶毒女配！居然不讲武德！”', '棠姐摊手：“既然我是恶毒女配，那我不讲武德不是应该的吗？”', '预收现言：《专属溺爱》', '孤儿闻月是曾经红极一时的天才少女雕塑家，然而外界并不知道她除了能够雕塑，还有绝伦的绘画天赋。', '二十八岁的生日，闻月与养育她、提携她也拿她当了二十年枪手与摇钱树的恩师决裂。恩师暴跳如雷，指天发誓要闻月再也无法踏入艺术圈。', '闻月把恩师的话当成了耳旁风。', '采风到H国的闻月被容貌英俊但气质严肃的混血导游牵着手去摸他的胸肌。高大的青年用蹩脚的中文哀求她说：“我做任何事，请买我……！”', '闻月下意识地抓了抓手里的胸肌。', '“好，我买。”', '李敏栋从小跟弟弟相依为命，当弟弟对他说想要逐梦娱乐圈，李敏栋立刻就答应了帮弟弟缴纳做练习生的钱，为此就是卖肾他也愿意。', '学长痞笑着对他勾肩搭背：“卖肾之前先卖卖别的吧。这么好的身体，别浪费了。”', '于是，当他遇上愿意予他温柔的闻月，他鼓起勇气抓着她的手伸向了自己的胸肌，试图给自己开个张。', '坐在床边，闻月向李敏栋伸手：“过来吧。”', '连女孩子的手都没摸过的李敏栋紧张得咽了口唾沫，但还是抓住了闻月的手。', '然后……', '被闻月当人体模特画了一整晚体态动作的速写。', '李敏栋：？？？', '他确实打算出卖自己的身体……但这卖的、好像和他想的不一样？', '你只打算买我的身体，我却愿为你献上我的灵魂。', '双向救赎，除了艺术细胞之外一无所有的天才×奉献型人格忠犬', '预收现言：《我追的星是我的跟踪狂？》', '夏雅是地下乐队FLY DOGGY的五年老粉。看着自己最喜欢的主唱弟弟AKA如常从高中生长大成人，见证了FLY DOGGY在乐队选秀节目上爆火的夏雅感觉自己作为粉丝的使命完成了，自己是时候该按照父母的意思老实地相亲结婚生子了。', '陈嘉常因为唱歌好听在15岁的夏天被表哥拉去live house给表哥的乐队救场，在那里他第一次见到了他的漂亮姐姐雅雅姐。', '五年来陈嘉常一直只为他的雅雅姐歌唱，没想到乐队火了他被大公司签下之后他的雅雅姐再也没出现过——', '“你为什么不报警呢？”跟踪狂大喇喇地坐在夏雅的床上，慢条斯理地吃着夏雅给他做的早点。', '“……”夏雅能怎么说？我舍不得我追了五年的爱豆因为跟踪狂行为进局子上头条？', '花了两年才找到夏雅的陈嘉常是真的希望夏雅能报警的——成就我的人是你。如果你不要我了，我希望毁掉我的人也是你。', '自毁倾向小疯狗男主×精神强韧的太阳花女主', '已完成快穿：', '叶棠系列——《女配不认命（快穿）》——《女配在线作妖[快穿]》', '《佛系反骨（快穿）》', '文案于2020年9月26日第一次公开。微博已截图备份。', '画手：weibo @修行少女阿旭子']",西方名著 女配 快穿 爽文,主角：叶棠 ┃ 配角：接档文《女配不讲武德[快穿]》求预收 ┃ 其它：童话，快穿，毛茸茸，人外,我是你妈全场最佳
念念不想忘,墨宝非宝,http://www.jjwxc.net/onebook.php?novelid=1319256,原创-言情-近代现代-爱情,女主,轻松,冬暖小文,完结,48520字,"['“记得GOSSIP GIRL里的一句话吗？如果两个人注定在一起，他们总会找到重温旧梦的路。”', '关键词：破镜重圆／小甜文']",都市情缘 破镜重圆 天作之合 娱乐圈,主角：司念，程晨 ┃ 配角：沈蔚珏，刘夏，林昕 ┃ 其它：,
人人都爱马文才,祈祷君,http://www.jjwxc.net/onebook.php?novelid=2630301,衍生-言情-古色古香-东方衍生,男主,正剧,星宿【古代题材】之 贪狼,完结,2401950字,"['新增《马文才番外集》，请去专栏阅读。', '望着眼前的会稽学馆，马文才终于想起了那魂魄无归的恐惧，以及曾被世人嘲笑诽谤的侮辱。', '被坑的一脸血的马文才，坚决表示：', '这一次，他一定要人见人爱，花见花开，娶了祝英台，拳打梁山伯，最后出将入相，升职加薪，登上人生巅峰！', '等等等等，怎么梁祝情况有些不对？', '***', '祝英台：（郁闷）想我也是有才有貌，有见识有素质的四好女青年，不过就是爱脑补了点，他们怎么就把我当疯子呢？', '马文才：（痛苦挣扎脸）她撞死在梁山伯坟前，我不过就是丢一辈子脸；把她娶回家去，我十八辈祖宗都要丢脸，是要还是不要，这是个问题……', '梁山伯：哦呵呵……', '看文须知：', '首发晋江文学社，谢绝一切转载。', '本文不基于“任何”梁祝电视剧或小说，背景为南梁时期。', '作者的已完结古言：', '穿越成大龄老太太：《老身聊发少年狂》', '穿越成卸甲归田的军中神话花木兰：《木兰无长兄》', '未来导游领队围观快被逼疯的古代皇帝：《寡人无疾》', '已经完结可以吃的脑洞文：']",穿越时空 传奇,主角：马文才，梁山伯，祝英台，花夭 ┃ 配角：傅歧，褚向，贺革等 ┃ 其它：,文才兄，你真是好人！
宫略,尤四姐,http://www.jjwxc.net/onebook.php?novelid=1774380,原创-言情-架空历史-爱情,女主,正剧,古言·宫花系列,完结,501331字,"['老话说得好，人受挤兑本事高，尚仪局的素以姑姑就是最好的例子。调理过人，伺候过承恩公的丧事，除了有点脸盲，别的她无所不能。', '大内混日子，吃点亏没什么。吃亏是福，咬咬牙就过去了。', '掰着指头数日子，就盼时候到了放出去配女婿 。可万岁爷说了，用着顺手，再使两年……', '宫里没有平白留人的道理，宫妃们都斜着眼睛瞧她。一头水深，一头火热，这日子真是——没法说！', '*架空清，谢绝考据。']",宫廷侯爵,主角： ┃ 配角： ┃ 其它：,面瘫何苦为难脸盲
误入浮华,不经语,http://www.jjwxc.net/onebook.php?novelid=1167137,原创-言情-近代现代-爱情,女主,正剧,抽风之作之 三,完结,412541字,"['--------------------------------------------------------------------', '“我但愿前事跟她远去，让我心中安静如水……”', '本文黑暗系，流氓系，各种想当然无厘头，谢绝未成年人阅读，成年人慎入！', '--------------------------------------------------------------------', '朋友们写的文：', '《浮华未许落幕》', '，', '《紫重楼》', '，', '《昨日之罪》', '，', '《支离帐》', '--------------------------------------------------------------------------', '《误入浮华》实体书将于2015年2月上市 购买网址：当当网']",都市情缘 因缘邂逅 平步青云 三教九流,主角：苏沫，王居安 ┃ 配角：…… ┃ 其它：,关于一个弃妇越混越好的经历。
穿越之天雷一部,蜀客,http://www.jjwxc.net/onebook.php?novelid=395278,原创-言情-架空历史-爱情,女主,轻松,长篇*言情*二B风格之 夜话江湖,完结,403467字,"['雷是什么', '严格地说，雷是一种自然现象', '但随着时代进步，自然现象逐渐向人文现象进化，今天我们', '所说的雷，专指一种极其特殊的极端现代化的词句或者情节，', '经常以极高几率出现在电视剧及小说里', '何谓天雷', '借用百度解释：指看到某些文字，脑子里忽然轰的一声，感', '觉像被雷雷过一样', '谨以此文献给所有热爱穿越、热爱天雷的朋友！', '此书已上市，各书店网店可购买，文内“晋江”一律改作“锦江”，请大家留意盗版：）感谢一直打分支持此文的朋友们，感谢一直支持小蜀的朋友们！', '本故事纯属虚构，不够精彩，请各位海涵。久仰天雷教大名，小蜀虽非教徒，也只知道两句经典台词，却真心表示友好，若文中无意冒犯，望多多谅解，这里向天雷教所有朋友致敬！至于文名是不怎么够水平，期待各位以后想到更高水平的名字，再进行替换。', '其实，此文一点不雷，咳。', '感谢一直支持小蜀到现在的读者朋友们！', '由于恶搞需要，两位晋江编辑苏苏和莉莉丝非常无辜地被借进文来开场，在此特别致谢！', '感谢客串的两位文友：我是苏素、钟花无艳！', '祝各位阅读愉快！', '再次强调：这是一部非常严肃非常正经饱含教育意义充满学术气息且具有艺术高度的作品（个人看法仅供参考），也可以看作白痴文，白痴骂的文，有意见请温柔提出，保留晋江MM的光辉形象（阅读时可以开音响，偶尔有背景音乐：）']",灵魂转换 江湖恩怨 阴差阳错 穿越时空,主角： ┃ 配角： ┃ 其它：天雷、雷蕾、穿越、小白、春花、秋月,献给所有热爱穿越和天雷的朋友
遇到你很高兴,西子绪,http://www.jjwxc.net/onebook.php?novelid=2141855,原创-言情-近代现代-爱情,女主,轻松,她和他的故事,完结,199223字,"['在感情上战无不胜攻无不克的陆忍冬遇到了冷感的苏昙。', '所有人都以为苏昙会深陷其中，但只有他们两个知道，陆忍冬才是无法自拔的那个。', '陆忍冬：我喜欢你。', '苏昙：哦。', '陆忍冬：我是真的喜欢你。', '苏昙：哦？', '陆忍冬：我是真的真的……', '苏昙：好了好了，我知道了，我也很喜欢我自己。', '苏昙表示，你尽管撩，动心了，算我输。', '虽然两个名字都像女孩子，但是陆忍冬确实是男主哈哈哈哈哈', '背景架空，有一些探案的元素，欢迎跳坑=3=', '4月17日入v，当天三更，谢谢大家=3=']",都市情缘 情有独钟 欢喜冤家,主角：陆忍冬，苏昙 ┃ 配角： ┃ 其它：,你尽管撩，动心了，算我输。
兔子压倒窝边草,忆锦,http://www.jjwxc.net/onebook.php?novelid=568365,原创-言情-近代现代-爱情,女主,轻松,比较经典哒之 两小无猜,完结,252081字,"['肖兔她妈有个愿望：将来女儿长大了能像玉兔精那样，娶个白白净净的唐三藏做老公，上得了厅堂，下得了厨房，万一腻烦了还能把他吃掉。', '可是她妈万万没有想到，还没等女儿修炼成精，就已经被修炼成精的唐僧……吃掉了。', 'TAT', '◆简单的说，这就是一个青梅竹马谈恋爱的故事，女主不聪明，但是也不笨，算是个好姑娘儿。', '男主应该说是闷骚吧，闷起来很闷，骚起来很骚那种，还有点腹黑，总之心理扭曲，性格变态就对了。', '◆最后，祝您在蹲坑的途中坑途愉快，某忆不会写啥深意的文，就想博君一笑，足矣。', '【公告】', '《兔子压倒窝边草》再版已由大鱼文化出版上市！']",都市情缘 欢喜冤家 青梅竹马,主角：肖兔，凌超 ┃ 配角：路人甲乙丙丁 ┃ 其它：忆锦，搞笑，青梅竹马,青梅竹马谈恋爱。
月上重火,君子以泽,http://www.jjwxc.net/onebook.php?novelid=349371,原创-言情-古色古香-爱情,女主,轻松,浮生古韵之 缱绻江湖,完结,327547字,['在下复姓上官，长安人士，暂住姑苏。对岸有满盏黄金液，一院白玉枝，不知可留姑娘片刻小坐？——上官透'],江湖恩怨 情有独钟 欢喜冤家,主角：重雪芝，上官透 ┃ 配角：林奉紫，穆远，夏轻眉，丰涉，林宇凰，林轩凤，重莲 ┃ 其它：微博@君子以泽,闪闪品牌，您的选择。
非主流清穿,我想吃肉,http://www.jjwxc.net/onebook.php?novelid=1221003,原创-言情-古色古香-爱情,女主,正剧,古言——完结文,完结,2101532字,"['她是伯爵父亲的嫡长女，还有亲娘亲哥哥撑腰，完全不用担心有人在家里斗她。', '据说以她们家的规模，她出嫁的礼冠上少不了东珠，完全不需要为了嫁个体面的丈夫勾心斗角。', '等到嫁了，做为一个嫡妻，作为一个她公公千挑万选脱颖而出并且作为未来当家主母培养的儿媳妇，她不找别人的麻烦别人就该谢天谢地了。', '如果你以为这样就很闲，那你就错了??', '因为……她要跟各种男人斗，据不完全统计对手包括：丈夫的爹、丈夫、丈夫的兄弟、丈夫的一干下属……斗不赢就全家玩完。', '……这究竟是哪家穿越大神脑筋抽了？！', '↑', '可爱的小萝莉阿悠帮忙做的封面。', '本文有颠覆嫌疑，非喜勿入←', '某肉的完结文们', '某肉新坑', '某肉的窝', '本文慢热，入坑需谨慎！', '入V公告：', '接编辑通知，本文明日也就是8月16号入V，谢谢大家这些日子来的关心和支持。', '单纯就坑品而言，我真的是个好人T T', '如果大家看不到内容，即使写着‘作者已经删除文件’那也是JJ抽了，技术小哥就会赖人！', '本文到目前为止，我没锁过文T T']",穿越时空 清穿,主角： ┃ 配角：一干人等 ┃ 其它：,选错剧本
一禽定音,北倾,http://www.jjwxc.net/onebook.php?novelid=1872908,原创-言情-近代现代-爱情,女主,正剧,任你密雨斜侵，我自坐拥王城之 小怪兽,完结,258852字,"['这个男人，她从15岁开始，整整喜欢了七年。', '他惯得她无法无天，宠得她娇俏任性。', '她做过最勇敢的事，就是从未放弃过他。', '就如他做过最好的事，就是爱上了她。', '二爷一生放荡不羁，唯独折了真心在她的身上。', '小心谨慎，细心呵护，死心塌地，非她不可。', '她想与他比肩而立，纠缠羁绊。', '可他哪里需要她的比肩？', '只要站在他的身后，就能替她遮风挡雨。', '小怪兽，', '如果你害怕，那就来我心里看。', '傲娇秦二爷VS娇俏小怪兽', '青梅竹马，两禽相悦', '得一城终老，携一人白首。', '披荆斩刺，他跨越千山万水，涉江而来。', '只为春风十里，不如你。', '同系列完结文娱乐圈大佬VS一线大腕：', '冷面律师VS气质女王VS娇萌小宝宝：', '腹黑男VS呆萌女', '腹黑八皇子VS聪慧清冷医女', '苏清澈VS宋星辰（毒舌淘宝姑娘）', '青梅竹马的新坑：', '北子的专栏，请收藏包养~', '这是北子的专栏~欢迎收藏~', '本文谢绝扒榜，1V1，欢迎撒花留评。', '谢谢桃花，生生，利栎，溢，二爷的投雷，向着阳光两次投雷，熬溜溜的五次投雷,生生，和味煎饼果子的手榴弹，普通人的火箭炮。被打赏的人好开森。【至2013.10.09】', '以下是《一禽定音》实体效果。凡购买此书微博晒图艾特我，北子都会送明信片。', '不要大意，赶紧入手吧~']",都市情缘 因缘邂逅 天作之合,主角：秦霜（秦二爷），苏清音（小怪兽） ┃ 配角：甲乙丙丁~ ┃ 其它：北倾，双高干。,傲娇男VS小麻烦(双高干）
[综]无面女王,挖坑不填,http://www.jjwxc.net/onebook.php?novelid=3315981,衍生-言情-幻想未来-东方衍生,女主,轻松,男神不居家,连载,2027792字,"['不可描述者。', '无面女王。', '.', '.', '女主自带类似白兰的平行时空的超能力。', '鬼知道男主是谁。', '反正是玛丽苏就对了。', '注意事项如下：', '1、剧情暴走。', '2、我也不知道后面会发生什么。', '3、这文没有大纲。', '本文将于10月16日开V，开V当天最起码会连更3章。没有倒V章节。开V后无特殊问题日更。请大家继续支持。', '本文独家发表于晋江文学网，谢绝转载，多谢配合。', '文下出现各种智障的骗子广告，请大家不要理睬这群XXXXXX，我已经都投诉了。', '不要回复，不要回复，不要回复。', '.', 'PS：本文防盗70%，防盗时间72小时。', '.', '别在我文下面提别的作者和别的文，也别在别人作者和别的文下面提我的名字和我的文。']",天之骄子 少年漫 励志人生 超级英雄,主角：沈韵 ┃ 配角： ┃ 其它：,无面女王。
落花时节又逢君,蜀客,http://www.jjwxc.net/onebook.php?novelid=474607,原创-言情-架空历史-爱情,女主,正剧,长篇*言情*文艺风格*单部系列之 天上人间,完结,230666字,"['【唐多令·小序】', '中道褪芳颜，樽前弃玉冠。', '却作成、一段情缘。', '莫向今生问前世，糊涂过，道愚顽。', '明月几回圆，红尘众口编。', '笑姮娥、应悔当年。', '天上神仙地下鬼，终不似，在人间。', '此书实体有两个版本，2009年初版与2015年典藏版，目前网络版本唯有晋江文学城的为典藏版，恳请买书的朋友抵制盗版，多多留评', '感谢支持！', '本文小部分情节是根据民间传说改编，关于道家的东西有的真实，有的是虚构的，等级划分有所不同（阅读时可以开音响，偶尔章节有背景音乐）祝阅读愉快！', '感谢所有支持本文的朋友！', '感谢一直支持小蜀到现在的每一位朋友！', '感谢乖乖猫朋友提供的音乐地址！', '感谢沉木朋友设计的网络版封面！', '我们的目标是：', '没有霸王!', '新文地址：', '葡萄蛋蛋为本文填的歌曲：']",灵魂转换 灵异神怪 前世今生 穿越时空,主角：红凝 ┃ 配角：锦绣、白泠、杨缜、段斐 ┃ 其它：红凝，锦绣，白泠，段斐，杨缜，穿越，落花时节（无主次排列）,"我欲度你成仙，却被你度成了人
 当当 京东"
猎人同人-无处不在的龙套生活,花命罗,http://www.jjwxc.net/onebook.php?novelid=439197,衍生-言情-架空历史-东方衍生,女主,正剧,动漫同人,连载,3200240字,"['重新写一个文案吧，也算是排雷指南。', '一，故事归纳起来就是一个丧心病狂执着于正常的非正常女主低调但总是无意被迫高调的冒险与狗血齐飞的波澜起伏生活全记录，全文暧昧修罗场，所以不好这一口的慎重点进来。', '二，女主性格有彩蛋，三章定不了性格，整个v前章都只是表面性格，三个异世界就是用来铺垫和揭秘女主性格用的，女主性格解析如剥洋葱，层层递进，所以觉得女主普通不像活了两千年的，对，说的没错，她正常的比普通人还正常，绝对不会让人看出什么活了两千年，当然也包括读者们；觉得女主不像普通人的，对，说的也没错，活了两千年怎么可能是这种性格？一些细节还是会暴露不正常的地方，所以有疑问的亲看下去就知道了，有疑问但没耐心看到谜底全部揭晓的亲可以选择默默弃文，因为原因后文都有揭晓。', '三，这不是成长文，所以女主从头到尾心理和武力值都不会有任何变化，前者是刻意为之，后者是做不到，而不是不去做，同样，文中有多处暗示和伏笔，仔细看文就能知道。', '四，女主的外挂设定是贯穿全文的线索道具和伏笔。', '五，这文是我的放飞之作，所以各种多元尝试，v前章尤其是整个第一卷走的是种田文风格，第二卷算是标准同人风格，后面三个异世界分别是古言女尊，星际未来混末世风格，魔法西幻风，现在还尝试冒险rpg风，惊悚悬疑风，以后会有娱乐圈风格、美食风之类的，想到什么写什么吧，算是彻底的大杂烩，大家看的开心就好，不开心直接点叉就行，勉强没幸福的。', '六，喜欢猎人那些人所以才开文，尽量不ooc，但只能写出我自己认为的他们，不可能满足所有人的喜好和意见。', '七，接受见解中肯型拍砖，抵制无理取闹性攻击。', '八，码字辛苦，留言和点击是动力之一，所以请不要擅自转载。']",猎人 异世大陆 穿越时空 仙侠修真,主角：赛璐璐 ┃ 配角：库洛洛，侠客，西索，伊路米，飞坦，金 ┃ 其它：幻影旅团，揍敌客家，小强四人组,‘正常’女主的‘低调’冒险生活
《死神Bleach同人》水月 纱夜,飘舞Iris,http://www.jjwxc.net/onebook.php?novelid=205496,衍生-言情-古色古香-东方衍生,女主,轻松,无从属系列,完结,55520字,"['《死神同人》水月 纱夜（免费大修版）', 'http://www.jjwxc.net/onebook.php?novelid=381230', '这样就不要钱啦~~大家回来吧~~还有在这篇文里，飘飘会将很多剧情细节化哦~~~']",灵魂转换 死神 前世今生 穿越时空,主角：水无月纱夜、志波水月 ┃ 配角：大白，小白，恋次等死神众 ┃ 其它：穿越,请关注 水月纱夜（免费大修版）
杉杉来吃,顾漫,http://www.jjwxc.net/onebook.php?novelid=247098,原创-言情-近代现代-爱情,女主,轻松,新坑开挖,连载,66809字,"['本文谢绝任何形式的转载^_^', '因为选择方式是晋江独家，所以希望大家不要转载，希望大家体谅，汗，不然乌龟会很难做拉', '非常灰姑娘的一个短篇，今天在XQ看了个稀有血型的帖子，忽然想到了这个故事，其实是很老套的剧情拉^_^', '甜蜜蜜的小月饼一块，祝大家中秋快乐']",都市情缘,主角：薛杉杉，封腾 ┃ 配角： ┃ 其它：,灰姑娘被看上去做小长工的故事
撞到狐狸,魍魉姬*蓝雪,http://www.jjwxc.net/onebook.php?novelid=5135,原创-言情-近代现代-爱情,女主,正剧,妖狐帮传说之 一,完结,61891字,"['雪花！雪花！又是该死的雪花！什么该死的浪漫，我看是浪费时间！', '啊！什么时候雪才能停啊！', '啊！————（不要疑问，她就是女主人公）', '又是一个浪漫的雪天，应该散散步，好好享受一下。天哪！这女人在干嘛，太刹风景了。什么他是障碍物，有没有搞错，后面有一打，不，是N打女人抢着要他哪！啊！————', '上天啊！那个该死的女人竟然把他扔到了河里，阿嚏！阿嚏————啊，竟然感冒了。', '死女人！我不会放过你的，阿嚏！阿嚏——', '我发誓，死女人，你一定活不长，而且被我整死，阿————————嚏————————！', '死女人！', '死——女——人！', '死————女————人！', '死——————女——————人！', '阿嚏！', '阿——嚏！', '阿————嚏！']",欢喜冤家,主角：韩冬雪&庄韩 ┃ 配角：妖狐帮帮众 ┃ 其它：,雪花！雪花！又是该死的雪花！什
资本剑客,priest,http://www.jjwxc.net/onebook.php?novelid=1339490,原创-言情-近代现代-爱情,女主,轻松,长篇黑历史之 常识问题,完结,192930字,"['暴发户捡到落魄大龄女青年的故事。', '小白文，文中地名部分捏他，部分名称捏他，部分事件纯属臆测。', '这个是送给我家宇宙无敌超级大美女，太后大人的生日贺文~~mua~~', '专栏', '新文链接：']",都市情缘 欢喜冤家 天之骄子 豪门世家,主角：杨玄，李伯庸 ┃ 配角： ┃ 其它：,暴发户先生捡到了大龄女青年
小凰不是仙,蜀客,http://www.jjwxc.net/onebook.php?novelid=902683,原创-言情-架空历史-爱情,女主,轻松,长篇*言情*二B风格之 天上人间,完结,184537字,"['神啊，救救我吧！', '（本书原名《神啊》）', '以上文案，表嫌它简单，此话代表了作者思想的精髓', '主要是，作者苦思文案一个时辰，无奈之际突然想起这句话，觉得太适合作者心情了，于是就用了', '表被第一章迷惑，此文男主是在下所有文内不同类型的。国庆大假前发文需要勇气，祝所有支持蜀客和此文的同学节日快乐！', '感谢北堂禾同学为此文制作封面！', '实体书有两版，分别为2011年初版和2016年典藏版，书店报亭和淘宝网、当当网均可购买，敬请大家留意盗版，谢谢支持本书的读者：）', '附：主要内容简介', '开天辟地古往今来哪只凤凰比她更倒霉？', '开场便是凤落天海被鸡欺，幸而遇见雅量高致俯瞰众生的凤王，进入神界过上饭来张口衣来伸手的好日子，更因祸得福吃了凤神内丹，化为人形，以为否极泰来，谁料变数突生。', '杀神转世的虚天魔帝，上古神威，睥睨六界，无人能制，天界流传着一个重新封印他的预言……', '一场欢喜，哭又笑，却是谁的阴谋，谁的智慧', '谢谢画女主角天真图的善檀同学：）', '新文欢迎捧场：']",灵魂转换 灵异神怪 天作之合 穿越时空,主角：田真 ┃ 配角：朝华君，天帝，魔神，文犀，路冰河，路小残 ┃ 其它：羽漠天宫，凤凰，杀神,"神啊，救救我吧！
 当当 京东"
格林童话,关心则乱,http://www.jjwxc.net/onebook.php?novelid=537964,衍生-言情-架空历史-西方衍生,女主,正剧,无从属系列,完结,731574字,[],情有独钟 爱情战争 青梅竹马,主角： ┃ 配角： ┃ 其它：,
[综]卡卡西，我还能抢救下！,三千琉璃,http://www.jjwxc.net/onebook.php?novelid=2308738,衍生-言情-架空历史-东方衍生,女主,轻松,看心情更,连载,2512920字,"['从前有一个人，她穿了。', '然后，她失忆了。', '就这么如同原住民般度过了九年岁月后，又因为吃太多而恢复了记忆。', '这个人就是我——宇智波带子。', '所以说……穿越成boss还顺带性转是个什么情况啊喂！！！（掀桌）', '宇智波带子（跪地抱大腿）：卡卡西，我真的还可以再抢救一下……【扯裤腿】', '卡卡西：……再见！', '宇智波带子（满地打滚）：真的不抢救吗？真的不抢救吗？你确定真的不抢救我吗？', '卡卡西：……', '他叹了口气，一把拎起某人的领子，拖走。', '——“走了，吊车尾。”', 'PS：本文不授权任何形式转载，本文为穿越宇智波带土的性转文，觉得这个雷的就不要勉强自己跳坑了，人生苦短，何必自虐；', 'PPS：本文天雷狗血金手指玛丽苏（大约），嘛，反正做好心理准备就对了。别和作者谈逻辑，从作者的智商出走后，逻辑它就死很多年了；', 'PPPS：本文纯属yy，如有雷同……话说这个不可能发生吧？咳，如有任何不适，请迅速点右上角的小叉叉逃生，谢谢合作；', '最后，感谢二柱子同学给我做的封面，萌萌哒，超可爱~~~', '琉璃的专栏，收藏了以后我开新文大家都会接到通知哦，喜欢我文风的收一个吧！']",火影 综漫 乡村爱情 穿越时空,主角：宇智波带子（是带子不是带土！） ┃ 配角：男神卡卡西 ┃ 其它：火影众,宇智波带土性转成了带子！
爱上狄仁杰,紫色如歌,http://www.jjwxc.net/onebook.php?novelid=27142,衍生-言情-古色古香-东方衍生,女主,轻松,平凡奇遇之 大唐情事,完结,51117字,"['九亿神州历朝历代中，', '我最欣赏的就是唐朝。', '无论自由开放的民风，', '还是如梦如幻的霓裳，', '有第一个真正的女皇，', '和睿智严明的狄仁杰。', '本文与原剧情有Ｎ多不符合，纯属YY之作，仅作娱己娱人之用，如阁下观看过程中有诸如呕吐、不适、中毒等等现象，请速速离去，并表示深切歉意。']",灵魂转换 穿越时空,主角：苏若，（小名：平凡，若若），狄仁杰 ┃ 配角：武媚娘，李君羡，钱小多，段无绝，碧莲 ┃ 其它：至尊红颜,九亿神州历朝历代中，我最欣
江山如画：典藏版,四叶铃兰,http://www.jjwxc.net/onebook.php?novelid=260419,原创-言情-古色古香-爱情,女主,正剧,古代长篇,完结,456059字,"['本文将于2014年11月19日星期三全本入V，入v章节从29章开始，特此通知。', '~~~~~~~~~~~~~~~~~~~~~~~~~~', '我的读者群：91684043', '《江山如画》（典藏版）将于2012年4月上市。', '赠送海报一张，正面图：', '******************', '四叶的新文《落月迷香》请多支持。地址：', 'http://www.jjwxc.net/backend/invite.php?inviteId=352622', '****************************************************************************', '四叶铃兰：晋江这个版本是最完整的版本。', '谢谢大家一路走来对四叶的支持和关心，今天江山终于可以全部连载到网上与所有喜欢它的朋友一同分享了。', '****************************************************************************']",乔装改扮 江湖恩怨 天之骄子 花季雨季,主角：方若兮 ┃ 配角： ┃ 其它：,年少轻狂，一统江山
皇后难为,我想吃肉,http://www.jjwxc.net/onebook.php?novelid=642861,衍生-言情-古色古香-东方衍生,女主,正剧,同言——完结文,完结,635470字,"['晋江真TM太抽了！', '本文3月10号入V，据说当天有三更，欢迎捧场^0^', '某肉的完结坑----', '某肉新坑', '下面是某肉的窝，欢迎来啃肉某肉的窝']",穿越时空 宫廷侯爵 清穿 灵魂转换,主角：那拉皇后 ┃ 配角：一干人等 ┃ 其它：,混迹清宫的日子
坏事多磨,那只狐狸,http://www.jjwxc.net/onebook.php?novelid=335403,原创-言情-古色古香-武侠,女主,轻松,古言仙侠,完结,600593字,"['本文讲述一个文也不行武也不行一心想做坏事的狗腿少女如何在天不时地不利人不合的情况下遭遇一众牛X配角的阻挠而阴错阳差变成一代武林翘楚的神奇经历。', '~~~~~~~~~~~~~~~~~~~~~~~~~~~~~~~~~~~~~~~~~~~~~~~~~~~~~~', '感谢倾华流苏大人为本文做的封面~~~呵呵，问题是我是贴图白痴……囧，请将就～～～真的谢谢了～～～', 'RP提示：', '偶是个女人，偶写武侠，因此，这是娘娘腔的武侠。', '偶是个路人，偶写武侠，因此，这是路人很牛X的武侠。', '偶是个俗人，偶写武侠，因此，这其实是个很俗的武侠。', '偶是个笨人，偶写武侠，因此，这是阴谋诡计都很浅白的武侠。', '偶是个好人，偶写武侠，因此，这是死亡率很低的武侠。[这句请当偶没说过……]', '偶是不是个正常人，偶写武侠，因此，这不是正常的武侠……[这句最重要哈……]', '本文流程：', '卷一：悬疑破案 [女主视角为主]', '卷二：暴力恐怖 [女主视角+部分配角视角]', '卷三：虐恋情深 [上帝视角]', '卷四：玄幻武侠 [上帝视角]', '以上', '本文在读者大人们的厚爱之下，现以出版上市。当当和卓越均有销售~~~纸书版结局与网络版稍有不同，但均为HE，可放心观看~~~', '于是，我来吆喝一声~~~各位大人们，大家有闲钱的捧个钱场，没闲钱的捧个人场，要是都没兴趣，就常来看看~~~谢谢大家的支持~~~']",江湖恩怨 竞技,主角：左小小 ┃ 配角：很多 ┃ 其它：武侠、坏事多磨,其实做坏事也不是那么容易的……
老婆，你好！,月下蝶影,http://www.jjwxc.net/onebook.php?novelid=1081853,原创-言情-近代现代-爱情,女主,轻松,原创言情,完结,167729字,"['他不解的问，我有车有房有才有貌，有哪点不好？', '她回答，这些都是男人吸引小三的优点，有哪点好？', '他先是羞愧，继而反省说，我还忠心不二，上得厅堂下得厨房，会开车会铺床，你要出门我护航。', '她闻言沉痛道，那我也就勉为其难的不嫌弃你了。', '好男人不是让心爱的女人去斗小三，而是自觉踹开小三。', '其实这就是一篇狗血小白甜文，看文就图一乐，所以如果是爱看虐文的朋友，请慎重跳坑。', '另此故事情节纯属虚构，如有雷同，算他们生活幸福。', '本文于五月六号开VIP，入V当日三更，长评赠送积分，谢谢大家，此文晋江独家发表，谢绝转载，请以前转载走文的朋友，立即删文、撤文，谢谢支持！']",都市情缘 情有独钟 天作之合 甜文,主角：苏乐魏楚 ┃ 配角：陈月等 ┃ 其它：,忠犬老公护老婆
奔月,蜀客,http://www.jjwxc.net/onebook.php?novelid=1485737,原创-言情-架空历史-爱情,女主,正剧,长篇*言情*文艺风格*仙剑浮云之 系列二,完结,631712字,"['本书已出版，网店书店均有销售。因多次修正，网上仅晋江文学城为正式版本，其余皆为盗版，有人设、互动不同、描述重复或剧情不连贯的情况。实体书有细微差别，增加了两篇后续剧情番外。请网购的朋友多留评，谢谢大家支持！', '【文艺版小序】', '昨夜新娘，今生蹉跎。三日娇宠，铸风流神话，笑中泪多。且随他离合悲欢走一回，仙魔胜败任评说', '柳梢月上，执手相看，归去也，春秋寂寞。问来世几何', '为你痴傻，还你琴歌', '亲自开辟的世界，亲手制造的契机，为了守护的人，亲手将守护的人推向既定的命运终点。', '也许，他从一开始就不该选择走上这条注定孤独的路。', '这是一个“嚣张小萝莉 X 斗篷怪哥哥”的故事，与嫦娥的神话无关', '感谢支持蜀客的读者！', '感谢帮忙做封面的云梦落同学！', '感谢画亡月图的汤包同学！', '本文与', '是同系列姐妹篇，为其湾版番外《魔神归来》引出的后续故事，祝大家阅读愉快：）']",灵异神怪 情有独钟 虐恋情深,主角：柳梢 ┃ 配角：月，陆离，苏信，白衣诃那，洛歌，卓秋弦，商玉容，谢令齐等等（出场排名） ┃ 其它：重紫，仙侠，月神，神话，蜀客,"嚣张小萝莉+斗篷怪哥哥
 当当 京东"
天之骄女,梦溪石,http://www.jjwxc.net/onebook.php?novelid=1685246,原创-言情-近代现代-传奇,女主,轻松,丹凤朝阳,完结,321138字,"['她是道王李元庆嫡长孙女，陇西李氏之后，出身大唐皇族。', '一场大病让她韶华早逝，再次醒来却发现物是人非。', '一千多年的跨度，从高门贵女到三流小明星。', '生活在社会底层，需要处处看人白眼，貌似五光十色的娱乐圈，却到处充斥着潜规则。', '这落差真不是一般的大。', '阅读指南：本文纯属虚构，轻松小白，玛丽苏金手指全开【听说不这么写会有危险】，仅供博君一乐，如有雷同，实属巧合，请勿考据及对号入座，雷者慎入。', '《天之骄女》已经上市啦，当当上可购买实体书：', '推荐时间：', '——BL文，喜欢耽美的朋友不要错过，面瘫攻VS傲娇受，细水流长的文笔，三十年专注细腻柔情的南枝胖胖出品~']",古穿今 娱乐圈 时代奇缘,主角：桑盈 ┃ 配角：很多…… ┃ 其它：,大唐贵女变成三流明星
书虫在清朝的米虫生活,谨严,http://www.jjwxc.net/onebook.php?novelid=405415,原创-言情-古色古香-爱情,女主,轻松,穿越之 清穿,完结,295329字,"['女主:', '看书是广博的,深度是不够的;', '潜能是无穷的,惰性是坚强的.', '清水文,半架空,所以,女主不是历史人物,是凭空捏造的.四四还是那个四四,不会专宠一个女人,女主还是女主,最爱是自己,不会让一个男人挡住自己的天空.', '虽然知道清穿的文已经烂了,因为最近太无聊,又正好看了两篇四四的清穿文,都不错,所以,头脑发热,一冲动就又挖坑了.', '注意事项:', '1. V文是会的,不过象前一篇同人文一样,倒V,就是等完结了才会V上去,所以还是有成坑的可能,慎入.', '2. 谢绝砖块,霸王不要紧,蛋糕没所谓.不喜请绕道.', '3. 可能不会向前一篇更得那么勤快,因为对四四没有向对冰山那样长情,不过会尽力的.', '4. 历史学家请绕道.', '新挖同人坑：', '完结同人文:', '，', '完结科幻文：', '完结清穿文:']",清穿 灵魂转换 穿越时空 竞技,"主角：佟淑兰(佟佳氏淑兰),胤禛 ┃ 配角：康熙,胤祥,胤祯，胤禩，胤禟 ┃ 其它：佟淑兰(佟佳氏淑兰),胤禛",穿到四四家作米虫的书虫
随遇而安的樱花（网王同人）,谨严,http://www.jjwxc.net/onebook.php?novelid=351426,衍生-言情-近代现代-东方衍生,女主,轻松,同人之 网王,完结,236629字,"['爱情不是生活的全部,', '一个平凡的从来没想过要穿越的大龄女子穿了，成了柳生的妹妹。随遇而安的性格，一心只想要实现前世的梦想。爱情, 王子不在计划之列。', '所以，暧昧王道，全文结束时，说不定都没有男主，非天才型，网球，会看而已。', '因为等文,难熬,而开的坑, 会努力填完，但有成坑之嫌，慎入！', '第一次写同人文, 文笔有限, 娱己之作，严禁拍砖，不喜者请绕道。谢谢！', '完结文:', '新坑：']",网王 竞技,主角：柳生樱（枫飞） ┃ 配角：柳生比吕士、立海大 ┃ 其它：网王一干闪亮生物,柳生妹妹的奋斗史
瑞德罗特,多木木多,http://www.jjwxc.net/onebook.php?novelid=950773,衍生-言情-近代现代-东方衍生,女主,正剧,同人之 LV,完结,457377字,"['鲨鱼子GN为我画的封面，大图更可爱。', '【大图点此穿越】', '看不见的章节告诉我，我可以放在作者有话说里。目前有112-完结，如果还有，可以告诉我。', '概要：TR/原创女主角。从孤儿院开始，女主角是麻瓜。', '警告：玛丽苏倾向。黑化。', '本文地址：http://www.jjwxc.net/onebook.php?novelid=950773', '-----------', '读者起起写的悬疑版文案：', '这是史上最没有穿越人士意识的穿越者的故事。', '她花了比她的原住民朋友还要长一倍的时间才离开那个老鼠一样的人生。', '身为一个信奉自由的人，', '她成为女仆、佣人，底下的，悲惨的，廉价的，卑微的活着。', '直到她遇到了一场凶杀案，', '所有的人都死了，', '只有她活着......', '那个神秘的夜晚到底发生了什么？', '为什么凶手单单留下她的性命！', '为什么她会忘记那个夜晚？', '而后出现在她面前童年的同盟者，', '披着伪善、和蔼还有爱情的面具，', '到底想从她这里得到什么？', '她还没有意识到她已经进入了这个魔幻危险的世界，', '而她的未婚夫就是这个世界最大的BOSS！', '她将如何面对？', '敬请关注，葆斯的魔法世界！《瑞德罗特》', '读者墨夷*媛姬写的简洁版文案：', '这文其实是励志类的才对啊口胡！这是一个没有看过原著的完全不清楚自己穿到哪里的21世纪成功女白领莫名其妙的穿越到上个世纪最黑暗的年代坚强不屈，努力进取，逐渐从贫农奔小康然后进化为知识分子最后转型成功成为资本家的奋斗史啊口胡！', '【谢谢观赏~】']",,主角：葆丝，汤姆 ┃ 配角：其他 ┃ 其它：其他,年轻的伏地魔和麻瓜
[综]穿到猎人当作家,江山沧澜,http://www.jjwxc.net/onebook.php?novelid=2482518,衍生-言情-架空历史-东方衍生,女主,正剧,圈地自萌之 致伊尔迷与明哥,完结,480067字,['享乐至上的易瑶穿越到猎人后作的第一个大死就是碰了伊尔迷；第二个大死就是为了赚钱享乐，当了作家写了文字版海贼王，然后引来各大凶器……'],猎人 海贼王 少年漫,主角：易瑶 ┃ 配角：太多懒得写 ┃ 其它：,在二次元世界写小说
奥汀的祝福,君子以泽,http://www.jjwxc.net/onebook.php?novelid=527967,原创-言情-架空历史-爱情,女主,正剧,神话盛典之 北欧神话,完结,434112字,['我没有信仰。我的信仰就是你。当我爱上你，就是我最初，也是最后拥有信仰的时刻。'],幻想空间 奇幻魔幻 欢喜冤家 前世今生,主角：依娜，弗丽嘉 ┃ 配角：奥汀，洛基，西芙，索尔，提尔 ┃ 其它：北欧神话，阿西尔，华纳，阿斯加德，,"我没有信仰，我的信仰就是你。
 当当 京东"
无方少年游,四木,http://www.jjwxc.net/onebook.php?novelid=392920,原创-言情-古色古香-爱情,女主,正剧,古今双成之 第一篇文,完结,570613字,"['敬告：盗亦有道，您看了我的任何一篇文，喜欢也好讨厌也好，没必要特地来告诉我：）有错误、缺点敬请举例指导，中肯，我一定改正并努力做到下文更好：）', '无方经过多次修改，增加大幅度剧情，逐章修改各处细节，建议您来晋江阅读，这里才是唯一的范本：）网上那些会让您感觉到莫名其妙，连称呼都对不上，若有不解，概不解释：）', '预售地址', '当当预售', '囧囧预售', '无方平行空间里补写秋叶、冷双成恋爱过程的新故事，请大家多支持：', '痴念', '自荐新文（三年磨剑，古代传奇）：', '十年沉渊', '感谢匠声集团及代客泊书团队倾力打造的无方广播剧→：', '无方广播剧', '(我不会弄音频，只能提供链接)', '[几点告示，敬请留意]', '木头文下有个神经病（真病有锤）不定期来污染大家眼睛，已提交晋江，勿惊，摸摸，愉快看文哈~', '文案', '可能是冷漠太久，让他明白不了爱上一个人的感受；可能是权限太大，让他体会不到草芥阶层的艰辛与柔韧。当冷双成带着满身清寒从海上而来，两个冷漠的人撞开了一场命运对决。他们斗智斗力，平分秋色，虽为棋子，她却用机智果敢躲过了儒州之围、平定了三猿峡危机，成全了他一统北疆的历史，从此，他的冷酷狠毒在逐渐冰释。', '常出没的地方：']",,"主角：冷双成,秋叶 ┃ 配角：聂无忧、吴有、程香、林青鸾……众等 ┃ 其它：古装正版冷双成",铺天盖地的追杀和霸道的爱
流光十五年,priest,http://www.jjwxc.net/onebook.php?novelid=907663,原创-言情-近代现代-爱情,女主,轻松,长篇黑历史之 结构问题,完结,220017字,"['屈原伯伯说：举世皆浊我独清，举世皆醉我独醒。', '然后他悲愤地跳江了……', '这个故事告诉我们，即使很多时候，我们都梦想着与众不同，可还是会渴望着一个归属，属于一个特定的群体，作为一群有标签的人。', '因为人是群居动物。', '这只是一个讲述成长的故事，如果你的成长过程中，也有那么一段时间，是与周围的人格格不入的，感觉自己被孤立被边缘化，那这个故事就是为你写的。', '属性是励志文^_^温暖治愈系，来者是客，多谢捧场', '专栏，请自由包养', '望天，咱是个言情新人来着……以前一直写耽美，文中有她他错误，记得给瓦指出……']",天之骄子,主角：柳蓉，胡蝶，常露韵，梁雪 ┃ 配角： ┃ 其它：关于成长,游离在外、渴望归属的成长岁月
穿越之第一夫君（2021修正版）,蜀客,http://www.jjwxc.net/onebook.php?novelid=250152,原创-言情-架空历史-爱情,女主,正剧,长篇*言情*普通风格之 夜话江湖,完结,343063字,"['“何必找理由，大案小案不发愁”', '一场意外的穿越', '一群“神”与“人”的江湖', '一宗离奇的血案', '……', '标新立异的时代，美女俊男的故事已不再新鲜，然而，我还是渴望美丽并且不忍破坏它．只好虚构了一些心痛而完美的人和事．', '我终究不能免俗．', '本故事开局平平，穿越、言情、武侠、推理，应该四类占全了吧．多谢每一位读者，国庆期间发来，祝朋友们国庆愉快！（阅读时可以开音响，偶尔章节有背景音乐）', '此文发表于2007年，2012年2月1日上市，2020年晋江网络版大修，此为晋江最新大修版，十几年了呢，感谢所有支持过此书的读者：）', '抵制法货!抵制日货!']",恐怖 江湖恩怨 欢喜冤家 穿越时空,主角：杨念晴 ┃ 配角：何璧，李游，南宫雪 ┃ 其它：杨念晴，穿越，第一夫君,穿越江湖，血案连连
还珠之太后金安,月下蝶影,http://www.jjwxc.net/onebook.php?novelid=720166,衍生-言情-架空历史-东方衍生,女主,轻松,同人,完结,170395字,"['博君一笑的不成熟文章。', '本文于六月十五日开VIP，谢绝转载，请以前转载走文的朋友，立即删文、撤文，谢谢支持！对一路支持我的亲鞠躬~', '我的另外两文，欢迎围观^_^：', '??????', '??????↑我的专栏，点击进入。', '??????^_^路过收藏收藏一下吧~', '??????收藏我可以看到最新动态呦~', '??????多谢支持，鞠躬']",灵魂转换 宫廷侯爵 穿越时空,主角：荆央 ┃ 配角： ┃ 其它：,
最后的女神,君子以泽,http://www.jjwxc.net/onebook.php?novelid=1017751,原创-言情-架空历史-奇幻,女主,轻松,神话盛典之 北欧神话,完结,397996字,['为救回被劫走的未婚夫，顾安安进入了北欧神话中的神界，与神族王子公主将军骑士们发生了乱七八糟的关系……'],幻想空间 情有独钟 欢喜冤家 异世大陆,主角：顾安安 ┃ 配角：法瑟，贝伦希德，赫默， ┃ 其它：北欧神话，神族，人类，天籁纸鸢，奥汀的祝福,闪闪品牌，您的选择。
天启悠闲生活,看泉听风,http://www.jjwxc.net/onebook.php?novelid=622739,原创-言情-架空历史-爱情,女主,正剧,两宋元明之 架空,完结,419627字,"['一个平凡的现代女子穿越到古代的生活', '作者文笔琐碎，内容慢热，情节八卦狗血，讲的是古代家常里短的市井生活', '正在更新的新坑链接：', '星际悠闲生活', '古典修真完结文', '太素', '仙家悠闲生活', '古代言情完结文', '九重韶华', '玉堂金阙', '一路荣华', '春芳歇', '天启悠闲生活', '听风的专栏', '谢谢收藏', '听风的微博']",灵魂转换 布衣生活 种田文,主角：顾猫儿（华明明） ┃ 配角：顾福、南瓜、红菱、顾禄 ┃ 其它：种田文，市井生活,穿越到古代的平凡生活
双*******）,k*******n,http://www.jjwxc.net/onebook.php?novelid=407259,衍生-言情-近代现代-东方衍生,女主,轻松,网王系列之 卷二,完结,624210字,[],
[网王]森森翠微容,SISIMO,http://www.jjwxc.net/onebook.php?novelid=959891,衍生-言情-近代现代-东方衍生,女主,轻松,青春记之 甜,完结,169751字,"['她原以为会一直安定地坐在日式房屋的后廊上，赤着脚惬意地吃东西看漫画，唯有她心爱的猫咪奈奈子相伴，生活安定，阳光美好，没有梦想过与那些人有什么交集。', '远远地旁观着，带着小心翼翼的距离。', '可当邂逅真的来临，她还是迷失在那个风轻云淡的夏天。', '若那生机勃勃的森林，葱葱郁郁，青翠欲滴，漫过一整个夏日，带着些微的凉爽和惬意。', '嗨，我是森容。', '此文女大男小姐弟恋+师生恋，不能接受者请叉。', '此文CP为手塚，时间为高中时期，会有其他男配，但不会是其他王子，1V1，HE。', '此文温馨治愈系，会有些微狗血，不会完全抛弃网球。', '公告：', '[网王]森森翠微容 定制印刷 原版全部内容+已有番外 游乐园', '另，新加定制番外 1、生日快乐 2、那年十七岁（林', '~(≧▽≦)/~', '点击收藏：', '收藏此文章', '偶的专栏：>>', '←专栏求包养，~~o(>_', '我的完结文：', '猎人BG同人《[猎人]七秀如意》', 'HP耽美同人《[HP]万花苏茗》', '叶孤城耽美同人《明微》', '神雕同人《神雕之芙面桃花》', '12.27日起更→', '猎人同人《[猎人]轻红×飞蓝》']",网王 情有独钟 穿越时空 近水楼台,主角：森容，手塚国光 ┃ 配角：森?兀?２壳а簦?忠祝??踔? ┃ 其它：网王，温馨文,夏日的温馨爱情记事。
何以笙箫默(全文地址见内),顾漫,http://www.jjwxc.net/onebook.php?novelid=2456,原创-言情-近代现代-爱情,女主,正剧,完结文,完结,79027字,"['全文请到', 'http://www.jjwxc.net/onebook.php?novelid=55648', '观看：）', '谢谢', '此处为网络版', '文案', '有一次他被她跟烦了，板着脸问：“赵默笙，你为什么老是跟着我？”', '她睁大眼睛：“以琛，是你笨还是我笨，哎，你那么聪明，一定是我笨了，我怎么这么失败，追了半天人家都不知道我在干什么！”', '×××××××××××××××××××××××××××××××××××××', '新封面，朴素版：）']",都市情缘,主角： ┃ 配角： ┃ 其它：,fontstyle=BACKG
包子造人计划（网王）,雾矢翊,http://www.jjwxc.net/onebook.php?novelid=1568796,衍生-言情-近代现代-东方衍生,女主,轻松,黑历史之 醉流年·不二,完结,332938字,"['不二周助并不是个相信奇迹的人，可是有一天，一个有着亚麻色头发与冰蓝色眼眸的孩子出现在他面前，笑眯眯地叫着他“爸爸”时，奇迹出现了。', '很小很软的孩子，珍珠白的肌肤，穿着白色狩衣红色灯笼裤，呆萌呆萌的表情。', '却让所有看到那个孩子的人惊悚了。', '小包子说：“爸爸，你快点将妈妈拖上床将小哉生出来吧！”', 'PS：嗯，这篇依然是萌萌包子文，欢迎跳坑~~', 'PSS：表被开头骗了，这真的是一篇萌萌包子文滴~~', '依旧是那句话：', '“不二周助，你儿子喊你回家吃饭啦~~”', '新文，欢乐古言文：']",网王 花季雨季 穿越时空,主角：不二周助、不二御哉、早见姀栽 ┃ 配角：手冢国光，大石秀一郎、菊丸英二、千草七月 ┃ 其它：萌萌包子文~~,不二，你儿子喊你回家吃饭啦~~
穿越市井田园,桃花露,http://www.jjwxc.net/onebook.php?novelid=761174,原创-言情-古色古香-爱情,女主,正剧,已完结的古代文之 田园生活,完结,624102字,"['桃花的小院，求包养！', '大桃花的重生90年虐渣复仇种田文，看乖乖女逆袭变大灰狼，虐渣迎娶忠犬学霸', '宁做恶人', '美人儿们，你们太油菜了，我太爱乃们啦，来么么么么！', '笛子亲为妙妙、无暇、小山各写了诗词：', '唐妙：', '福禄人钦非可求，欲话前缘问根由。', '善根终能得善果，莫笑英雄眼前愁。', '不向朱门寻富贵，却折桃枝插蓬头。', '休夸金帛功名好，且共桑榆燕子楼。', '无暇：', '质本观音柳，偏倚雕朱楼。', '红消绿深处，韶华却白头。', '无心逐名利，只为天伦忧。', '难乞瓶中露，一饮忘前愁。', '萧朗：', '生长富贵豪门，偏恁情深。', '望前世，谁曾见？真真幻幻，依稀故人。', '人言道蓬莱瑶台称景胜。', '俺却说，怎比那，桃开如霞，水绕东村。', '书虫亲的诗：', '山间缤纷展桃花 ，骨柳遥慕自风华；', '桃花山下子累累，晓风别岸柳无暇', '墨渊亲的诗：', '水绕萧山绯色艳，清风明月柳无暇，', '贪念欢颜忍离意，他乡梦里恋桃花', '公告：大桃花开新文了。新坑：锦绣官路，官场种田文。']",布衣生活 情有独钟 穿越时空 种田文,主角：唐妙 ┃ 配角：唐文清，高氏，大梅，杏儿 ┃ 其它：小宅门，一家子，家长里短，穿越，田园，市井,看古代的市井田园
宝*******话,水*******沙,http://www.jjwxc.net/onebook.php?novelid=128864,原创-言情-古色古香-惊悚,女主,轻松,灵异鬼怪之 卷一,完结,599060字,[],
寂寞空庭春欲晚,匪我思存,http://www.jjwxc.net/onebook.php?novelid=19384,原创-言情-古色古香-爱情,女主,正剧,寂寞空庭春欲晚之 初稿,连载,180412字,"['他的手指从绿头签上抚过，每一块牌子，幽碧湛青的漆色，仿佛上好的一汪翡翠，用墨漆写了各宫所有的妃嫔名号，整整齐齐排列在朱红填漆大盘里。身旁的赤金九龙绕足烛台上，一枝烛突然爆了个烛花，“噼叭”一声火光轻跳，在这寂静的宫殿里，却让人听得格外清晰。', '他猛然扬手就将盘子“轰”一声掀到了地上，绿头签牌啪啪落了满地，吓得李四保打个哆嗦，连连碰头却不敢作声。外头太监宫女见了这情形，早呼啦啦跪了一地。', '她也连忙跪下去，人人都是大气也不敢出，殿中只是一片死寂。那只朱红填漆大盘，正巧落在她足边，于是悄悄拾了起来，慢慢伸手去捡那些签牌。却不想一只手斜剌里过来握住她手腕，那腕上覆着明黄团福暗纹袖，她只觉得身子一轻，不由自主站起来。目光低垂，只望着他腰际的明黄色佩带，金圆版嵌珊瑚，月白吩、金嵌松石套襁、珐琅鞘刀、燧、平金绣荷包……荷包流苏上坠着细小精巧的银铃……他却迫得她不得不抬起头来，他直直望着她，眼中似是无波无浪的平静，最深处却闪过转瞬即逝的光芒：“你不过仗着朕喜欢你！”', '——本文已经出版，各大书店有售，2007年11月再版，新版封面如下：']",布衣生活 竞技,主角：康熙，琳琅 ┃ 配角：纳兰容若 ┃ 其它：狗血，煽情，无聊，不符合史实,他的手指从绿头签上抚过，每一块
碧甃沉（完结）,匪我思存,http://www.jjwxc.net/onebook.php?novelid=31816,原创-言情-近代现代-爱情,女主,悲剧,玉碎之 前传,完结,171572字,"['井底引银瓶，银瓶欲上丝绳绝。石上磨玉簪，玉簪欲成中央折。瓶沉簪折知奈何，似妾今朝与君别。', '家国万里，关山如雪，乱世惊梦，半生繁华，她与他终究是情深缘浅，长恨如歌。', '本书已经再版，名字回归为《碧甃沉》，全国各大书店及当当卓越皆有售。', '封面如下：']",宫廷侯爵,主角：慕容沣，尹静琬 ┃ 配角：程谨之，程信之，许建彰，赵姝凝 ┃ 其它：玉碎,井底引银瓶，银瓶欲上丝绳绝。石
综漫 无限反派,芙娅,http://www.jjwxc.net/onebook.php?novelid=445608,衍生-言情-架空历史-东方衍生,女主,轻松,衍生言情之 2009,完结,785429字,"['一切的开始只是因为想要活下去。', '无限流综漫同人。', '打完主神就收工回家！', '1、古早文，观赏前请注意开坑时间', '2、三部曲：无限反派、良善一念、茶色浅沫', '3、与原著冲突请见谅，毕竟看看时间，2009年。']",死神 火影 综漫 圣斗士,主角：雾沉沉 ┃ 配角：日番谷冬狮郎，浮竹十四郎，蓝染惣右介，哈迪斯，双子，波塞冬，波风皆人，修普诺斯，史昂，该隐，路西法，玖兰枢，待填 ┃ 其它：综漫反派无极限，美人集中营,反派囧囧有神的BH人生
如 梦 令,_惊鸿_,http://www.jjwxc.net/onebook.php?novelid=180625,原创-言情-古色古香-爱情,女主,正剧,浮生若梦,完结,466660字,"['明月孤，韶光逝，发微寒。拔簪狂饮，风波难抵昔瞳影。西落依旧夏阳，笑定三分问鼎，傲视众河山。天涯如梦令，不敢忆当年。', '这是一个关于爱和勇气的故事，一个关于理想的故事。', '当一个女子决定与最爱的人同生共死，他却最终选择了离开，当她满怀豪情，苦追理想，却要面临失去爱情和亲情，她，该怎么办？', '现代缉毒女刑警西夏因被最好的朋友陷害，中枪落崖，误入了另一个时空——□□，身份也随之变为礼部侍郎记文则府上的三小姐记舞潮。在那里，她没有忘记自己的梦想，冲破重重阻碍，当上了□□第一个女捕快，也是在那里，她遇到了她最爱的人。然而，在权利与阴谋的纷繁斗争中，在律法与人情交织的现实世界里，她要做出一生中最艰难的抉择……', '《如梦令》网上发布的后记三篇(后记雪峰在实体书里被拆分成了两个章节)，外加实体书收录的番外四篇，都放在惊鸿的博客里了。', '有兴趣的亲们可以移步去看看：http://blog.sina.com.cn/prjh709529']",灵魂转换 穿越时空,主角： ┃ 配角： ┃ 其它：,"size=""15"""
青行灯,吕天逸,http://www.jjwxc.net/onebook.php?novelid=474903,原创-言情-近代现代-惊悚,女主,暗黑,无从属系列,完结,170276字,"['以日本传说中的妖怪为主角，一只妖怪，一个故事。', '我相信妖怪的思维比人类简单的多，简单的等待，简单的执着，简单的爱。', '感谢coffey大人帮我做的封面~~~！！', '每个章节之间都是独立的，没有时间的大人可以随便挑名字感兴趣的章节看。感谢大人们的支持~~~']",幻想空间 灵异神怪 恐怖,主角：雨女，人面树，姑获鸟，付丧神，百目鬼，一反木棉，飞头蛮，垢尝，影女，烟烟罗，陆续添加中 ┃ 配角：舟幽灵，高女，陆续添加中 ┃ 其它：日本，妖怪，百鬼夜行，温暖，诡异，治愈,充满温情的百鬼夜行
最禛心,东篱菊隐,http://www.jjwxc.net/onebook.php?novelid=262440,原创-言情-古色古香-传奇,女主,轻松,清穿,完结,572173字,"['新坑：', '【陛下，洗洗睡吧】', '所有坑地址（按系列排）', '清穿系列', '【将错就错嫁了吧】', '【六福闲人】', '辛情故事系列', '【梨花雪后】', '【好景良天】', '关雎系列', '【窈窕庶女】', '【君紫好糗】（请点击）', '【红颜暗与流年换】（请点击）']",灵魂转换 穿越时空,主角：颜紫萝、胤禛 ┃ 配角：爱新觉罗一家子 ┃ 其它：,
如*******）,彼*******否,http://www.jjwxc.net/onebook.php?novelid=176327,衍生-言情-古色古香-东方衍生,女主,正剧,日漫同人玛丽苏之 苏就要销魂蚀骨,完结,585449字,[],
老师，太给力！,七宝酥,http://www.jjwxc.net/onebook.php?novelid=789815,原创-言情-近代现代-爱情,女主,轻松,全职前,完结,187837字,"['处女作，', '小白文，', '天雷滚滚，', '我话都说到这份上了，你还执意要点进去看的话……………………………………', '那就看吧！']",都市情缘 情有独钟 欢喜冤家 天作之合,主角：祁小月 ┃ 配角：大苏，小苏，顾童鞋，辛姨，临静等哎哟喂怎么这么多呸角 ┃ 其它：狗血鸡血鸭血猪血…,师生恋什么的多有爱
黑色高跟鞋,君子以泽,http://www.jjwxc.net/onebook.php?novelid=180845,原创-言情-架空历史-奇幻,女主,正剧,神话盛典之 童话之恋,完结,196441字,"['2007年写的小说→_→幼稚，慎读。', '***', '出版名《奶牛座的魔履情缘》。', '只要穿上黑色高跟鞋，和自己所爱的男子跳舞三次，就能彼此相爱。']",幻想空间 奇幻魔幻 骑士与剑,主角：莫尼卡 ┃ 配角：亚力克，镜子，詹姆斯 ┃ 其它：,闪闪品牌，您的选择。
混成大神反被调戏,北倾,http://www.jjwxc.net/onebook.php?novelid=1325655,原创-言情-近代现代-游戏,女主,轻松,姻缘天注定之 网游,完结,146745字,"['“樊小小，你躲什么？”', '“我没躲啊，我躲什么。”', '崔南熙闻言顿时笑了起来，“来，不怕。你还可以反扑。”', '大神，你可以再坏一点吗？可以吗？', '樊小小泪奔。', '这就是命定，他们在对的时间遇见了对的人。', '然后，携手一生。', '这是北北的微博，欢迎亲们来戳戳。', '完结文娱乐圈大佬VS一线大腕：', '禽兽二爷VS小怪兽：', '冷面律师VS气质女王VS娇萌小宝宝：', '腹黑八皇子VS聪慧清冷医女']",情有独钟 天作之合,主角：崔南熙，樊小小 ┃ 配角： ┃ 其它：网游，爱情,笨蛋樊小小被大BOSS慢慢蚕食的过程
烈*******I,明*******溪,http://www.jjwxc.net/onebook.php?novelid=487,原创-言情-古色古香-爱情,女主,正剧,烈火如歌之 卷一,完结,129750字,[],
情何以堪,姒姜,http://www.jjwxc.net/onebook.php?novelid=12512,原创-言情-架空历史-爱情,女主,正剧,前晋之 定君,完结,246709字,"['仁而善断，机谋深蕴，大材也。唯叹秉性太过重情，终为自苦。', '六爷，我可以倾力助你完成天下，只求在最后，您能放了我。', '六爷没有说话，只是那么看着我，眼睛里有一种淡淡的光。那时，我只觉得很危险，却不知道那也是一种蛊惑，或许在那一刻，就已经注定了我的沦落。']",宫廷侯爵,主角：六爷，平澜 ┃ 配角：刑儒辉，燕巧，谌鹊 ┃ 其它：,仁而善断，机谋深蕴，大材也。唯
综漫 良善一念 为恶人间,芙娅,http://www.jjwxc.net/onebook.php?novelid=582917,衍生-言情-架空历史-东方衍生,女主,轻松,衍生言情之 2009,完结,442939字,"['如果你发现你必须杀够足够多足够强的人才能回家，那么你的选择是什么？', '如果你发现你必须杀人才能有好日子过，才能不被别人杀，你的选择会是什么？', '如果你发现你不是一个心狠手辣的人，你甚至不想杀人，你的选择又是什么？', '弓灵—嘿，姑娘，要杀人动作快点。', '潋然“……”', '此故事讲述一个善良无比可以发好人卡的正常人是如何一步步被逼上BT之路的故事', '到底是环境造就人才，还是人才改变环境…', '尽在良善一念 为恶人间', '女王体制，傲娇个性，极端记仇，彪悍女儿', '请来收养我吧=3=']",死神 综漫 圣斗士 前世今生,主角：顾潋然 ┃ 配角：哈迪斯，双子神，波塞冬，普罗米修斯，雅典娜等等... ┃ 其它：无限反派姊妹篇，温馨种田文...大概...,善良小女神的成长史
[大汉天子]废后复仇,时镜,http://www.jjwxc.net/onebook.php?novelid=1971415,衍生-言情-古色古香-东方衍生,女主,正剧,残羹冷,完结,498013字,"['没把张汤写成男主还让女主回去当了皇后，是个大遗憾，《我不成仙》里的张汤基本是在补足，可惜了，一失足成千古恨。', '这书整体不好看，但张汤是好的。', '因为这个角色，我愿意给这本并不成熟的书打65分。', '——2018年5月回顾有感。']",种田文 重生 历史衍生 复仇虐渣,主角：陈阿娇 ┃ 配角：刘彻，张汤，主父偃，李陵，刘陵，卫青，桑弘羊，念奴娇，卫子夫，郭舍人，东方朔 ┃ 其它：宫斗，复仇，爽文，包子，大汉天子,复仇虐渣，进击的阿娇
奔跑的蜗牛,蝶之灵,http://www.jjwxc.net/onebook.php?novelid=472870,原创-言情-近代现代-爱情,女主,轻松,都市言情之 卫楠篇,完结,214470字,"['蜗牛背着沉重的壳，一步一步往前爬', '再辛苦也不愿放下', '因为那壳已与它的生命相连', '同系列姐妹文——', '祁娟的故事《御姐江湖》', '萧晴的故事《遇见你就烂漫了》', '可在作者专栏找到：）']",都市情缘,主角：卫楠，陆双 ┃ 配角：许之恒，苏敏敏，萧晴，祁娟，原元，卫腾 ┃ 其它：蝶之灵，第一时间系列,彪悍的人生不需要解释
男差女错,凌凌君,http://www.jjwxc.net/onebook.php?novelid=55325,原创-言情-古色古香-武侠,女主,轻松,无从属系列,完结,856901字,"['她来这里只是为了银子，可没想到一口就吞了他两万两银子。', '两万两，她十年都存不了两千两，怎么赔？', '就算有两万两她也不想赔，要知道银子可是她的命。', '什么？可以不用赔，只要做他的贴身小厮就可以两相抵消。', '有这种好事当然要马上答应下来。', '虽然他又自恋又爱美又娇气，脾气又大，整天对她指手划脚，管东管西。', '可跟他在一起常有意外的银子从天降，她也乐在其中。', '但他长得实在太漂亮，太像女孩子，常被色狼瞄上，武功又太烂，每次都要她出马去痛扁色狼。', '时间久了，江湖上就传说他们两是一对恩爱夫妻。', '夫妻就夫妻，可为什么传说中的妻是他，传说中的夫却是她？', '轻松有爱的完结文---------《美人驾到》', '最新的坑---------《我爱神婆》', '最新的坑---------《青龙门》']",欢喜冤家 天作之合 江湖恩怨,主角：柳笑；柳孝 ┃ 配角： ┃ 其它：,"为什么妻是他,夫却是她"
"『猎人同人』真的,什么,假的.（修完）",子独,http://www.jjwxc.net/onebook.php?novelid=134946,衍生-言情-架空历史-东方衍生,女主,正剧,同人,完结,405010字,"['魔王说，那是一个类似地球的次元，如果你在那能生存到25岁，我就让你回地球复活。', '我激动啊，差点痛哭流涕。', '魔王阴笑，还特□的补充说，只是要完成一些任务，比如跟那的谁谁谁，谁谁谁打一场痛快淋漓的架；跟谁谁谁，谁谁谁接个不短于5秒的吻；跟谁谁谁同睡一张床不小于三个月……', '魔王突然停在这里，一阵疯笑。', '虽不知道他口中的“谁谁谁”到底是谁，但做这些又死不了人。于是，我毫不犹豫的点头。', '……', '这，这是哪儿？那个杀千刀的魔王让我活在了哪？？……啊，啊啊啊！！！这里任何一个谁谁谁都不好惹啊！！！（? 某丫抱头□□绝望不已中）', '同志们~~不要看锁掉的章节了啊！它不让我解锁，因此我另放在最后俩章里了！！！', '由于包月我新弄的公告2害的大家看不到，（＝ ＝）我认罪，并且放到这里来。', '以下为公告2：', '【同志们，偶回归了啊~~~~~~~~~~', '正如大家所见，晋江包月把我也给包了...........偶是很不情愿的，偶只记得当时自己签了什么东西，就这么不明不白的......(= =)', '但好消息是，书终于要面世了啊~~~~~', '我手上已经有几套了。封面么......没我想象的那种有冲动要去自杀的糟，也没有归类到同人类，变成了啥彩虹城堡系列......(= = 那是啥东东啊？），但归根结底还是蛮不错的，挺干净，字体我很喜欢。^^', '现在书店里也上架了哦。开心开心~~~ ^^', '啥？问我新文的情况？（众： ＝ ＝ 没人问你！）我还没动笔......不过肯定会写！应该就在最近了。听到有风声说猎人同人已经没落了。。。我不信！就是不信！！我那不折不挠死钻牛角尖的个性就这么被俗不可耐的激发起来了！！！因此,我可能再写篇猎同来暖手，暖完后再写其他的。^^', '还有还有，希望大家能够继续支持我。子独会努力的！努力将变态之风继续进行到底，将残虐□□继续发扬光大，将血淋淋的悲剧继续硬掰成喜剧~~~~~~~！！！(声嘶力竭）（众：＝口＝）】', '下面放个猎同小短篇地址，请大家去踩踩~~~~~~', '【猎同】生者世界']",猎人 灵魂转换 幻想空间 穿越时空,主角：赛娃 ┃ 配角：库洛洛、伊耳迷、西索 ┃ 其它：猎人，同人，,
曦世界（综漫）,同仁坑,http://www.jjwxc.net/onebook.php?novelid=241143,衍生-言情-幻想未来-东方衍生,女主,轻松,古早物之 白芒,完结,656704字,"['哪一条路才是通往幸福的终端？', '一切都只在于自己的选择罢了。', '车祸死亡穿，传统型综漫文。', '女主不花痴，不小白，正常人智商情商，', '但因为作者的诡异心态硬逼成万能，雷者请速闪，', '是位善良的姑娘。', '目前被作者用各种乌龙方式□□中~~~~', '本文卖点一：此文女主', '不知晓动漫剧情', '，应该没人会拿《哪吒闹海》《三个和尚》来反驳我吧？', '本文卖点二：此文女主为普通人（意即性格普通之人），肯定会有不好的地方，在这方面恕无法完美无缺', '本文卖点三：作者热衷升级，并把它用在女主身上', '本文卖点四：此文算是温馨平和类，没有太黑暗的东西', '本文卖点五：此文是综漫，结局不NP，也许没CP', '注意事项：', '1.本文比较小白', '2.本文有YY向', '3.阅读中产生任何不适请立刻点右上角的红叉', '4.若无视上述所有，依旧我行我素留言扔砖或人身攻击，我只能说眼瞎是绝症大概没治了', '新坑已开，第二部也开了，点击请看', '魂兵纪', '曦世界Ⅱ（综漫）']",花季雨季 穿越时空 少年漫,主角：苏希（进藤曦） ┃ 配角： ┃ 其它：穿越前不知漫画为何物的主角,从不看动漫的女主穿越进综漫世界
网*******1,神*******人,http://www.jjwxc.net/onebook.php?novelid=107074,衍生-言情-近代现代-东方衍生,女主,轻松,颖武系列,完结,373579字,[],
网*******主,神*******人,http://www.jjwxc.net/onebook.php?novelid=132457,衍生-言情-近代现代-东方衍生,女主,轻松,动漫同人,完结,357256字,[],
七宝项链,葡萄,http://www.jjwxc.net/onebook.php?novelid=61552,原创-言情-近代现代-奇幻,女主,正剧,无从属系列,完结,195217字,"['七宝项链已经出版，当当及各新华书店均有出售，未生也将在四月面世，多谢大家一直以来的支持，到时会有一些转微博赠书的活动，请大家关注我的微薄：橡木桶里的葡萄。', '新文《琉璃界》已上，请大家移步捧场！', '琉璃界']",都市情缘 血族,主角： ┃ 配角： ┃ 其它：,妖怪与白领女的爱情
每次渡完魂都要给一只忠犬擦口水,扶华,http://www.jjwxc.net/onebook.php?novelid=1889557,衍生-言情-架空历史-东方衍生,女主,轻松,长篇同人,完结,209573字,['该作品尚无文案'],情有独钟 近水楼台 种田文 游戏网游,主角： ┃ 配角：桐梧、女娲、伏羲 ┃ 其它：,痴汉和BOSS的腻歪生涯
遇见你就烂漫了,蝶之灵,http://www.jjwxc.net/onebook.php?novelid=1080053,原创-言情-近代现代-爱情,女主,轻松,都市言情之 萧晴篇,完结,206186字,"['文案', '萧晴曾在姐妹们面前信誓旦旦地说，嫁人不能嫁势头涨太快的热门股，涨得快肯定不长久。也不能嫁一直下跌的冷门股，等到头发都白了还是不涨，亏得你想跳楼。要找就找支潜力股，前程一片大好，未来一片光明。', '可是，潜力股实在太难找，所以萧晴心安理得闯荡着江湖，完全不考虑婚姻大事。', '某天，她遇到了一支潜力股，突然说要娶她。', '萧晴说，婚姻就是坟墓，我还太年轻，不想这么早进坟墓里躺着。', '潜力股说，人总有一死。早死，早超生。', '本书修订版已出版上市，想买实体书可搜索淘宝、当当等网站，谢谢大家支持：）']",都市情缘 豪门世家 天作之合,主角：萧晴，沈君则 ┃ 配角：谢意，祁娟，卫楠，方遥，萧凡，沈君杰等 ┃ 其它：蝶之灵，第一时间系列,冤家路窄，先婚后爱
竹*******词,季*,http://www.jjwxc.net/onebook.php?novelid=11190,原创-言情-古色古香-爱情,女主,正剧,无从属系列,连载,362907字,[],
少年韦帅望之大隐于市,晴川,http://www.jjwxc.net/onebook.php?novelid=214401,原创-言情-古色古香-武侠,女主,轻松,韦帅望的江湖之 卷四,完结,1205525字,['该作品尚无文案'],江湖恩怨 血族,主角：韦帅望 ┃ 配角：韩青、冷兰、冬晨、冷秋、芙瑶 ┃ 其它：,天才少年是怎样炼成的
迷途,夜安,http://www.jjwxc.net/onebook.php?novelid=56627,原创-言情-古色古香-爱情,女主,正剧,清穿之 一,完结,185845字,"['续篇链接：', '归路', '－－－－－－－－－－－－－－－－－－－－', '我，一个看到古装电视剧就会立刻转台的人，没有任何伤春悲秋的浪漫细胞，却何其不幸，在公交车上打了个盹儿就回到了300年前。我不要变成9岁的小孩子，不要变清朝人，不要‘演’清装戏。老天你就放过我吧，这种惊人的奇遇你就给别人好了！', '我还要写完我的博士论文，我还要继续我的核能物理学家之路……我的梦想，在这个时代只能化为虚无的泡影！', '-----------------------', '谢谢画画给鼓励！你是第一个给我留字的读者，我会继续加油。——鞠躬答谢！', '4 Y T链接：', '迷途']",灵魂转换 穿越时空,主角：李涵（高凌），四 ┃ 配角：一众清代人物 ┃ 其它：清宫，穿越,fontface=\华文琥珀\
清风吹散往事如烟灭,楚湘云,http://www.jjwxc.net/onebook.php?novelid=86428,原创-言情-古色古香-爱情,女主,正剧,清风,完结,676050字,"['俺新开的坑《穿越做回单亲妈妈》，欢迎大家去踩！', '穿越，只因突然的一句话？还好变成姓佟的，有些保障。', '都说婚姻没有自主，爱情总可以自己决定。却是眨眼间，良人变成狼人……', '上部-《清风吹散往事如烟灭》：九龙夺镝开始之前，龙的青/少年时代。', '《第一卷：钟情》已完成，松松的主线是女主与八爷的爱情进程——爱了就爱了。', '《第二卷：纵情》已完结，以女主的爱情和婚姻为线索——每个人都有不愿放弃的坚持。', '言情，但没多少爱恨情仇。平淡，象流水账。不够浪漫，不够现实，不是大团圆。', '下部-《清风吹散往事如烟灭，续》将是女主和男配们纠葛的继续，九龙夺镝之中之后发生的一些事。', '《第三卷：不了情》：http://www.jjwxc.net/onebook.php?novelid=192873', '已完成。', '现代轻喜剧《不是冤家不聚头》：http://www.jjwxc.net/onebook.php?novelid=405136', '施工中。']",,"主角：楚言,胤禩 ┃ 配角：胤禛,胤祥 ┃ 其它：康熙,胤禵",穿越，只因突然的一句话？还好变
泡沫之夏3,明晓溪,http://www.jjwxc.net/onebook.php?novelid=135293,原创-言情-近代现代-爱情,女主,正剧,泡沫之夏之 卷三,完结,207300字,"['从2004年贴文以来，有9年了，在即将出版的“9年特辑”版作品集中，编辑收录了一些大家的评论和祝福。O(∩_∩)O！谢谢大家一直以来的支持，爱你们~~~~', '——晓溪 2012年7月24日', '谢谢大家一直以来陪伴着《泡沫之夏》这个故事：）']",情有独钟,主角：尹夏沫 ┃ 配角： ┃ 其它：,imgsrc=http://w
御姐江湖,蝶之灵,http://www.jjwxc.net/onebook.php?novelid=1469663,原创-言情-近代现代-爱情,女主,轻松,都市言情之 祁娟篇,完结,221507字,"['本书出版名：《世上最甜初恋》，各大网站有售。', '某知名网络作者的作品《名剑》被改编成网络游戏，《名剑Online》一经面世便风靡全国，闲着无聊的作者本人亲自跑去游戏里体验所谓的“江湖”，结果他遇到了一个个性十足的女人。', '他又好奇心害死猫，认了她当师父。', '她作风很变态、她性格很豪迈、她是传说中最难驯服的御姐。', '某人决定挑战自我去驯服这位姑娘，经过各种腹黑手段坑蒙拐骗，终于把师徒关系扭转成了夫妻关系，结果某人却悲剧地发现，有一个如此牛X的老婆真的压力很大——', '“杀我做什么？”', '“是你老婆先杀的我！”', '“……”', '家有母老虎，出门需谨慎！']",都市情缘 欢喜冤家,主角：祁娟（杜鹃花开），温平（瓶子先生） ┃ 配角：萧晴（等待晴天），陆双（病毒先生），时炎，Derek等 ┃ 其它：蝶之灵，第一时间系列,腹黑美男VS傲娇女王
怀璧公主,顾漫,http://www.jjwxc.net/onebook.php?novelid=2530,原创-言情-古色古香-爱情,女主,正剧,无从属系列,连载,10440字,"['他是清正疏狂的落魄书生/', '她是深宫中简单不起来的公主/', '他仰慕安义公主高义/', '却娶了朝野之上贬斥如潮却', '独得恩宠的怀璧公主……', '他受不了她的公主脾气/', '她看不惯他的书生意气/', '只是这日子啊/', '也就一天天流过了……']",宫廷侯爵,,"他是清正疏狂的落魄书生/
她"
高达seed——星辰的光与影,落千水,http://www.jjwxc.net/onebook.php?novelid=295983,衍生-言情-幻想未来-东方衍生,女主,正剧,SEED系列,完结,1663683字,"['是的，拉克丝.克莱茵，也许本来，我就是你。', '我们是如此的相似。', '但是，庄周梦蝶蝶梦庄周。', '只因为有了另一份记忆，我们的选择，便如此不同……', '而在这命运的潮流中，既然选择了一个方向前进，就再不能回头。', '**************', '这文还有一些番外之类的东西，都放在这里了——']",灵魂转换 穿越时空 科幻,主角：拉克丝 ┃ 配角：基拉、伊扎克、雷、阿斯兰、卡嘉丽等 ┃ 其它：高达，SEED，destiny,SEED世界，战争、权谋与爱情
帝王画眉,曦宁若海月,http://www.jjwxc.net/onebook.php?novelid=109034,原创-言情-古色古香-爱情,女主,正剧,无从属系列,完结,169292字,"['家国尊严岂容辱,因遭小人狠报复.', '时空奥妙尽无穷,七绝谷中宏愿生.', '京都世族高洁客,博雅楼上笑盈盈.', '假凤虚凰结情义,偏惹真龙从云来.', '车到山前必有路,一时善心招祸至.', '千灵百巧出紫霄,功亏一篑毒入喉.', '死里逃生语成诫,梨花树旁惜离别.', '晴天霹雳圣旨下,三千宠爱愁难解.', '火树银花庆佳节,仓皇侥幸暂脱身.', '不是冤家不聚首,情丝暗系不由心.', '平地雷声风波起,天道莫负善心人.', '引佩清风下瑶台,照妆明月成金屋.', '碧箫声里凤双鸣,却看帝王浅画眉.', '好吧我终于来发这个了……颤抖。', '前些日子我把自己卖给晋江了，此卖身契五年之内有效。在晋江刚刚开始实行vip制度的时候，就有编辑大人找我，但是我没有答应，因为那时候我还没有经济压力，父母供应金钱，供偶上学写文。', '现在我要大学毕业了，正赶上经济危机，找工作艰难。我读的大学是一所稍好一点的二本学校，回首看看，这四年中我基本上没有做别的事情，除了上学就是写文。我没有什么特长，找工作又是那么艰难，总不能毕业了仍旧靠父母养，所以，就只能希望，自己拿手的写文能够养活自己。', '再多的理由综合起来也就是一句话——我缺钱，这是我唯一的收入途径。', '谢谢大家一直以来的支持，写文期间也遇到过很多事情，但是能一直写到现在，你们是一个很重要的原因。', '《帝王画眉》是我的第一篇文，对我有着不可替代的意义，现在看来，这篇文很幼稚，可是我依然爱它。VIP之后，我会陆续放一些番外上来，有兴趣的亲可以看看。', '因为已经签约晋江，需要独家发表。请以前转载过的网站或个人撤文。']",灵魂转换 穿越时空,"主角：柳扬眉(画儿),圣景帝 ┃ 配角：晴霜,晴雪,静敏 ┃ 其它：",家国尊严岂容辱因遭小人狠报复
青年韦帅望之不减狂傲,晴川,http://www.jjwxc.net/onebook.php?novelid=537541,原创-言情-架空历史-武侠,女主,轻松,韦帅望的江湖之 卷五,完结,2106273字,['我本楚狂人，修罗过处尽沙场……'],江湖恩怨,主角：韦帅望 ┃ 配角：黑狼，南朔，南朝，区华子，冬晨，冷兰 ┃ 其它：,韦帅望的童话江湖
白*******传,暝*,http://www.jjwxc.net/onebook.php?novelid=5170,原创-言情-古色古香-武侠,女主,正剧,无从属系列,完结,258392字,[],
奉*******）,曦*******月,http://www.jjwxc.net/onebook.php?novelid=77802,衍生-言情-近代现代-东方衍生,女主,正剧,同人,完结,203121字,[],
王将,红花,http://www.jjwxc.net/onebook.php?novelid=11772,原创-言情-古色古香-传奇,女主,正剧,无从属系列,连载,345726字,"['穿越？', '或许是个机会，应该象次旅行。', '弘华是毕业生，想通过一次旅行去瞻仰一段传奇，顺道找点成长的灵感，但是事实超出期望。', '湮埋在千年岁月中的神秘历史、不朽传奇。目睹已是奢望，何况亲历，何况参与？甚至书写。心没有想事已经成，她实在受宠很惊。', '一切都不是想象中的样子。原来任何传奇都发生在现实中，任何情况下长大都是必须用力的事。', '幸好，有许多美妙风景，虽然要付出同等代价。', '幸好，有许多同路人，虽然有的会分道扬镳，有的会半路失踪。', '一个人可以改变世界吗？', '其实不行，但有人说可以。', '过程中一切都有可能，弘华只知道故事的结局。', '“……因为你的将来是我听过的故事，你的命运是我书里已经写好的历史……”', '可是原来……', '她连结局都不知道。', '“考察加上来回，大概一周半。”', '这是弘华出发时的预计，可是这次旅行走得太远了……', '也没关系，既如此，就来吧。', '来这变幻的大时代，看一场风起云涌，看一场离合悲欢。', '先别急打探结局，旅行结束前它一定会来。', '烈马狂歌，剑量江山无长短。', '扶琴看水，乐候繁华成烟云。', '美酒当炉，欲话风云却无言。', '一庭风絮，满腹相思都沉默。']",布衣生活,主角：弘华，红花 ┃ 配角：李图，游饲云，养九灵，闻人师，闻人余香，唐有鱼 ┃ 其它：红王，神将，红妃,"穿越？
或许是个机会，应该象"
云*******来,忆*,http://www.jjwxc.net/onebook.php?novelid=285311,原创-言情-古色古香-爱情,女主,轻松,早期作品之 云中锦,完结,428019字,[],
